Entry;PDB;Interacting Chains;Mutation(s);Temperature;Reference;DDGb;cRSA;iRSA;ΔRSA;interface;region;cRSA_rev;iRSA_rev;ΔRSA_rev;sec_str;sec_str_grp;sec_str_rev;sec_str_grp_rev;mCSM-PPI2;mCSM-PPI2_rev;MutaBind2;MutaBind2_rev;BeAtMuSiC;BeAtMuSiC_rev;SSIPe;SSIPe_rev;SAAMBE-3D;SAAMBE-3D_rev;NetTree;NetTree_rev;consensus;consensus_rev
6M0J-12940;6M0J;A:E;KE417A;298.15;32841599;0.35;19.859;34.276;14.417;True;Core;24.173;26.574;2.4;H;A;H;A;0.597;-0.23;-0.01;-0.07;1.01;0.44;0.54;0.215;0.35909337;-0.99670696;0.944026127698;1.01195321442;0.573353249616333;0.06170770907
6M0J-12941;6M0J;A:E;KE417C;298.15;32841599;0.42;19.859;34.276;14.417;True;Core;24.547;33.503;8.956;H;A;H;A;0.56;-0.011;0.66;-0.23;0.83;0.72;0.254;-0.116;0.46337396;0.38929045;0.949045164123;1.30717571495;0.619403187353833;0.343244360825
6M0J-12942;6M0J;A:E;KE417D;298.15;32841599;1.04;19.859;34.276;14.417;True;Core;26.66;39.585;12.925;H;A;H;A;0.669;0.484;0.83;-0.15;0.38;0.5;0.87;0.397;0.5105893;0.0686028;3.89775439691;1.05102981841;1.19289061615167;0.391772103068333
6M0J-12943;6M0J;A:E;KE417E;298.15;32841599;0.75;19.859;34.276;14.417;True;Core;27.157;43.866;16.708;H;A;H;A;0.653;0.64;0.59;0.25;0.51;0.59;0.69;0.643;0.81317043;0.33151472;4.5327970638;2.22276405485;1.29816124896667;0.779546462475
6M0J-12944;6M0J;A:E;KE417F;298.15;32841599;0.13;19.859;34.276;14.417;True;Core;29.809;41.557;11.748;H;A;H;A;0.144;0.46;-0.23;0.12;0.11;0.86;-0.317;1.567;0.42911714;0.56532896;0.6047497927;1.81738769639;0.123477822116667;0.898286109398333
6M0J-12945;6M0J;A:E;KE417G;298.15;32841599;0.51;19.859;34.276;14.417;True;Core;39.496;39.496;0;H;A;H;A;0.722;0.417;0.7;-1.39;0.74;0.33;0.543;-0.037;0.73499227;0.062824845;1.20420375352;1.21288614421;0.774032670586667;0.0992851648683334
6M0J-12946;6M0J;A:E;KE417H;298.15;32841599;0.17;19.859;34.276;14.417;True;Core;29.005;33.04;4.035;H;A;H;A;-0.081;0.34;0.82;-0.08;0.05;0.89;0.543;-0.259;0.6158644;0.2623208;1.55027616476;1.44232274126;0.58302342746;0.432607256876667
6M0J-12947;6M0J;A:E;KE417I;298.15;32841599;0.34;19.859;34.276;14.417;True;Core;24.527;35.862;11.335;H;A;H;A;0.258;0.135;-0.12;0.58;0.28;0.73;0.237;0.928;0.89646006;0.39090532;0.761042772857;1.56032017652;0.3854171388095;0.72070424942
6M0J-12948;6M0J;A:E;KE417L;298.15;32841599;0.31;19.859;34.276;14.417;True;Core;20.402;26.468;6.065;H;A;H;A;0.424;0.143;-0.15;0.56;0;0.54;-0.428;-0.013;0.367446;0.42038918;0.817703487926;1.66755599803;0.171858247987667;0.552990863005
6M0J-12949;6M0J;A:E;KE417M;298.15;32841599;0.39;19.859;34.276;14.417;True;Core;23.323;39.666;16.342;H;A;H;A;0.635;-0.263;-0.19;0.43;-0.23;1.13;-0.097;1.34;0.62960947;0.24619237;0.89724668042;1.16641996727;0.274142691736667;0.674935389545
6M0J-12950;6M0J;A:E;KE417N;298.15;32841599;0.45;19.859;34.276;14.417;True;Core;28.61;40.88;12.27;H;A;H;A;0.468;1.106;0.64;-0.2;0.49;0.71;0.866;0.278;0.42867473;0.3697306;1.90401300512;0.237893825022;0.799447955853333;0.416937404170333
6M0J-12951;6M0J;A:E;KE417P;298.15;32841599;0.35;19.859;34.276;14.417;True;Core;36.291;40.674;4.383;H;A;H;A;1.083;0.224;0.84;0.45;0.18;0.36;1.745;-0.296;0.98451626;0.3319688;1.8165763247;2.64815463835;1.10818209745;0.619687239725
6M0J-12952;6M0J;A:E;KE417Q;298.15;32841599;0.62;19.859;34.276;14.417;True;Core;21.582;34.951;13.369;H;A;H;A;0.557;0.472;0.64;-0.14;0.47;0.61;0.808;0.272;0.6073879;0.0030383766;2.99233986484;1.33594705331;1.01245462747333;0.425497571651667
6M0J-12953;6M0J;A:E;KE417R;298.15;32841599;0.17;19.859;34.276;14.417;True;Core;47.092;59.795;12.703;H;A;H;A;0.467;0.229;0.12;0.21;0.23;0.46;0.13;-0.296;0.42975986;0.17466757;1.82652411863;0.478298278995;0.533880663105;0.209327641499167
6M0J-12954;6M0J;A:E;KE417S;298.15;32841599;0.46;19.859;34.276;14.417;True;Core;25.528;32.857;7.329;H;A;H;A;0.503;0.068;0.19;-0.25;0.87;0.64;0.849;-0.081;0.31577998;-0.10892153;1.74270454773;0.706159157271;0.745080754621667;0.1623729378785
6M0J-12955;6M0J;A:E;KE417T;298.15;32841599;0.26;19.859;34.276;14.417;True;Core;23.662;30.055;6.393;H;A;H;A;0.44;0.159;0.27;-0.44;0.51;0.57;0.127;-0.088;0.39618137;0.10831344;2.47185037221;0.95246277396;0.702505290368333;0.21029603566
6M0J-12956;6M0J;A:E;KE417V;298.15;32841599;0.32;19.859;34.276;14.417;True;Core;21.36;22.854;1.495;H;A;H;A;-0.207;-0.099;-0.08;0.28;0.79;0.21;0.131;-0.116;0.81198406;-0.0030907989;0.877970682873;1.65771621292;0.387325790478833;0.32160423567
6M0J-12957;6M0J;A:E;KE417W;298.15;32841599;0.31;19.859;34.276;14.417;True;Core;38.954;50.727;11.774;H;A;H;A;0.112;0.259;0.74;0.09;-0.24;0.73;-0.475;1.838;0.63908863;0.6554708;0.535755333126;1.64377340509;0.218640660521;0.869374034181667
6M0J-12958;6M0J;A:E;KE417Y;298.15;32841599;0.08;19.859;34.276;14.417;True;Core;34.543;53.365;18.822;H;A;H;A;0.044;0.58;-0.53;0.27;-0.1;0.8;-0.291;1.825;0.6260817;0.9849743;4.03358098406;1.88915405575;0.630443780676667;1.05818805929167
6M0J-13491;6M0J;A:E;GE446A;298.15;32841599;0.26;46.66;64.934;18.274;True;Rim;51.807;66.245;14.438;T;X;T;X;0.221;0.137;-0.16;-0.55;1.27;-0.78;0.687;0.66;0.49418306;0.16675371;0.966841326382;0.0663709831951;0.579837397730333;-0.0499792178008167
6M0J-13492;6M0J;A:E;GE446C;298.15;32841599;0.97;46.66;64.934;18.274;True;Rim;56.533;71.922;15.389;T;X;T;X;0.159;0.182;0.19;-0.72;0.93;-0.42;0.404;0.903;0.4411857;0.72653264;0.964798737342;-0.0213952794721;0.514830739557;0.10835622675465
6M0J-13493;6M0J;A:E;GE446D;298.15;32841599;0.2;46.66;64.934;18.274;True;Rim;71.778;86.245;14.467;T;X;T;X;-0.015;0.108;0.41;-0.92;1.05;-0.09;1.003;0.375;0.45901048;0.8750682;5.24321027517;0.844055104442;1.35837012586167;0.198687217407
6M0J-13494;6M0J;A:E;GE446E;298.15;32841599;0.12;46.66;64.934;18.274;True;Rim;60.828;69.253;8.425;T;X;T;X;-0.096;0.493;0.61;-0.28;1.44;-0.57;0.676;0.051;0.43837535;0.9363687;7.76785287978;0.377205196771;1.80603803829667;0.167928982795167
6M0J-13495;6M0J;A:E;GE446F;298.15;32841599;0.31;46.66;64.934;18.274;True;Rim;67.482;78.41;10.928;T;X;T;X;0.036;0.335;0.42;-1.04;1.17;0.05;0.025;1.129;0.48640165;1.4555668;1.0015584148;1.14082304511;0.5231600108;0.511731640851667
6M0J-13496;6M0J;A:E;GE446H;298.15;32841599;0.28;46.66;64.934;18.274;True;Rim;69.88;82.147;12.268;T;X;T;X;0.323;0.577;0.58;-0.89;0.89;0.03;0.69;0.639;0.38053885;0.85730445;1.21653700554;-0.137591179608;0.68001264259;0.179285545065333
6M0J-13497;6M0J;A:E;GE446I;298.15;32841599;0.26;46.66;64.934;18.274;True;Rim;63.952;74.581;10.629;T;X;T;X;0.208;0.096;-0.38;-0.26;1.55;-0.24;0.415;0.906;0.77942526;0.6953839;1.88150542104;0.820159904537;0.742321780173333;0.336257300756167
6M0J-13498;6M0J;A:E;GE446K;298.15;32841599;0.09;46.66;64.934;18.274;True;Rim;55.15;78.725;23.575;T;X;T;X;0.303;0.318;0.31;-0.87;1.22;-0.3;1.159;0.182;0.55404824;1.3408785;1.54638546278;-0.285258464657;0.848738950463333;0.0642700058905
6M0J-13499;6M0J;A:E;GE446L;298.15;32841599;0.28;46.66;64.934;18.274;True;Rim;62.402;70.79;8.388;T;X;T;X;0.229;0.071;0.17;-0.54;1.37;-0.15;-0.329;1.57;0.7838949;0.95970553;1.4332431737;0.487243907946;0.609523012283333;0.399658239657667
6M0J-13500;6M0J;A:E;GE446M;298.15;32841599;0.23;46.66;64.934;18.274;True;Rim;70.53;79.888;9.358;T;X;T;X;0.191;0.173;-0.08;-0.78;1.33;-0.05;0.149;1.14;0.5094877;0.68556726;0.781085333015;1.1857031845;0.4800955055025;0.392378407416667
6M0J-13501;6M0J;A:E;GE446N;298.15;32841599;0.11;46.66;64.934;18.274;True;Rim;70.84;81.15;10.31;T;X;T;X;0.176;0.131;-0.32;-0.05;0.79;0.13;1;0.381;0.50104904;0.6846809;4.59863717554;0.0990400108761;1.12428103592333;0.22928681847935
6M0J-13502;6M0J;A:E;GE446P;298.15;32841599;0.26;46.66;64.934;18.274;True;Rim;50.966;73.224;22.258;T;X;T;X;0.542;0.167;-0.27;0.68;1.49;0.4;1.879;-0.427;0.4447947;0.5496019;2.01906583675;0.195420220173;1.017476756125;0.260837020028833
6M0J-13503;6M0J;A:E;GE446Q;298.15;32841599;0.17;46.66;64.934;18.274;True;Rim;66.461;85.336;18.875;T;X;T;X;0.167;0.147;0.61;-1.04;1.27;-0.04;1.159;0.233;0.6884056;0.7963905;4.89198023026;1.46887228049;1.46439763837667;0.260877130081667
6M0J-13504;6M0J;A:E;GE446R;298.15;32841599;0.16;46.66;64.934;18.274;True;Rim;70.222;76.287;6.065;T;X;T;X;0.51;0.322;0.58;-0.66;1.13;-0.12;0.653;0.521;0.9568486;1.4085171;1.97496719563;0.0578157146467;0.967469299271667;0.254888802441117
6M0J-13505;6M0J;A:E;GE446S;298.15;32841599;0.2;46.66;64.934;18.274;True;Rim;62.329;75.884;13.556;T;X;T;X;0.267;0.123;-0.18;-0.45;1.05;-0.61;0.996;0.381;0.34921813;0.6947459;1.75071241476;0.182887413851;0.705488424126667;0.0536055523085
6M0J-13506;6M0J;A:E;GE446T;298.15;32841599;0.19;46.66;64.934;18.274;True;Rim;56.985;70.596;13.611;T;X;T;X;0.031;0.3;-0.7;-0.23;1.32;-0.7;0.281;0.841;0.632476;0.81365603;5.48660179983;0.891937323329;1.175179633305;0.319432225554833
6M0J-13507;6M0J;A:E;GE446V;298.15;32841599;0.27;46.66;64.934;18.274;True;Rim;57.746;69.044;11.297;T;X;T;X;0.137;0.043;-0.66;-0.27;1.32;-0.82;0.285;1.021;0.7907109;0.5753215;1.60995760516;0.293786777842;0.58044475086;0.140518046307
6M0J-13508;6M0J;A:E;GE446W;298.15;32841599;0.2;46.66;64.934;18.274;True;Rim;61.417;79.898;18.481;T;X;T;X;-0.146;0.356;0.69;-0.83;1.27;-0.16;-0.205;1.444;0.7525038;1.6566262;1.41746936119;2.32327721822;0.629828860198333;0.79831723637
6M0J-13509;6M0J;A:E;GE446Y;298.15;32841599;0.34;46.66;64.934;18.274;True;Rim;71.311;80.084;8.774;T;X;T;X;-0.017;0.47;0.6;-1;1.11;0.04;-0.099;1.37;0.40856215;1.781101;2.48029957094;1.27269180938;0.747143620156667;0.655632134896667
6M0J-13548;6M0J;A:E;YE449A;298.15;32841599;1.3;36.247;54.755;18.508;True;Rim;52.626;52.626;0;C;X;C;X;0.657;-0.435;0.82;-0.72;0.98;0;2.256;0;0.9152304;-0.9676994;1.47199938656;2.06540960781;1.18337163109333;-0.00954829869833337
6M0J-13549;6M0J;A:E;YE449C;298.15;32841599;1.73;36.247;54.755;18.508;True;Rim;60.267;61.052;0.786;C;X;C;X;0.408;-0.49;0.82;-0.45;1.04;0.15;1.98;0;0.7474732;-0.09858042;1.47666631513;2.15606514565;1.07868991918833;0.211247454275
6M0J-13550;6M0J;A:E;YE449D;298.15;32841599;1.55;36.247;54.755;18.508;True;Rim;63.227;69.884;6.657;C;X;C;X;0.744;-1.022;0.38;-0.46;0.74;0.12;2.562;0.208;1.2577834;0.3816455;1.28930589307;1.12869900288;1.162181548845;0.05939075048
6M0J-13551;6M0J;A:E;YE449E;298.15;32841599;1.57;36.247;54.755;18.508;True;Rim;83.454;83.454;0;C;X;C;X;0.665;-0.822;0.85;-0.11;0.95;-0.01;2.406;0.212;0.9488975;0.4601637;2.36428914726;0.619388316197;1.36403110787667;0.0582586693661667
6M0J-13552;6M0J;A:E;YE449F;298.15;32841599;1.08;36.247;54.755;18.508;True;Rim;42.802;55.977;13.175;C;X;C;X;0.288;-0.177;0.41;-0.39;0.36;0.34;1.556;0.39;0.32964244;0.2747088;0.48929071903;1.27647953431;0.572155526505;0.285698055718333
6M0J-13553;6M0J;A:E;YE449G;298.15;32841599;1.28;36.247;54.755;18.508;True;Rim;46.456;46.456;0;C;X;C;X;0.797;-0.252;0.97;-0.5;0.89;0.24;2.256;0;1.0526298;-0.41957378;1.65690026451;1.19926004508;1.27042167741833;0.0446143775133333
6M0J-13554;6M0J;A:E;YE449H;298.15;32841599;1.22;36.247;54.755;18.508;True;Rim;49.894;59.702;9.808;C;X;C;X;0.623;-0.393;0.84;-0.36;0.46;0.17;2.317;0.185;0.634725;0.031202734;1.94415448901;0.840521459966;1.136479914835;0.0789540323276667
6M0J-13555;6M0J;A:E;YE449I;298.15;32841599;1.44;36.247;54.755;18.508;True;Rim;68.641;68.641;0;C;X;C;X;0.686;-0.41;0.84;-0.28;0.63;-0.11;1.984;0.212;1.0456069;-0.16767943;1.41794632081;1.23214252699;1.10059220346833;0.079410516165
6M0J-13556;6M0J;A:E;YE449K;298.15;32841599;0.98;36.247;54.755;18.508;True;Rim;70.713;70.713;0;C;X;C;X;0.41;-0.652;0.54;-0.09;0.76;-0.08;2.323;0.212;0.95916736;0.61999303;1.65287959831;1.65585679476;1.107507826385;0.27764163746
6M0J-13557;6M0J;A:E;YE449L;298.15;32841599;1.51;36.247;54.755;18.508;True;Rim;60.718;60.718;0;C;X;C;X;0.693;-0.447;0.41;-0.49;0.59;-0.11;1.251;0.215;0.77786696;-0.25102198;0.765452136226;2.12785638403;0.747886516037667;0.174139067338333
6M0J-13558;6M0J;A:E;YE449M;298.15;32841599;1.37;36.247;54.755;18.508;True;Rim;48.489;61.35;12.861;C;X;C;X;0.741;-0.553;0.51;-0.43;0.63;0.36;1.728;0.077;0.8172656;-0.028068244;0.773227828882;1.40194042783;0.866582238147;0.137978697305
6M0J-13559;6M0J;A:E;YE449N;298.15;32841599;1.22;36.247;54.755;18.508;True;Rim;52.882;60.697;7.815;C;X;C;X;0.294;-0.531;0.46;-0.61;0.64;0.29;2.589;0.075;1.1615151;0.028446972;2.83727595638;2.01817307635;1.33029850939667;0.211770008058333
6M0J-13560;6M0J;A:E;YE449P;298.15;32841599;1.41;36.247;54.755;18.508;True;Rim;54.053;54.053;0;C;X;C;X;1.962;-0.503;0.45;0.68;0.59;0.3;3.461;0.543;1.7703946;-0.3651837;1.48810323805;1.66802992905;1.620249639675;0.387141038175
6M0J-13561;6M0J;A:E;YE449Q;298.15;32841599;1.22;36.247;54.755;18.508;True;Rim;76.17;76.17;0;C;X;C;X;0.46;-0.587;0.44;-0.14;0.83;0.02;2.643;0;1.2223966;0.08059472;2.13072450851;0.863381122306;1.28768685141833;0.0394959737176667
6M0J-13562;6M0J;A:E;YE449R;298.15;32841599;0.69;36.247;54.755;18.508;True;Rim;70.685;70.685;0;C;X;C;X;0.484;-0.341;0.43;0.06;0.74;-0.07;2.47;0.253;0.9447631;0.56367546;3.34450479462;1.30488468688;1.40221131577;0.295093357813333
6M0J-13563;6M0J;A:E;YE449S;298.15;32841599;1.25;36.247;54.755;18.508;True;Rim;60.68;63.91;3.23;C;X;C;X;0.417;-0.418;0.47;-0.48;0.84;0.2;2.562;0.318;0.82915497;-0.41870886;2.52401485831;0.626655753915;1.273694971385;-0.0286755176808333
6M0J-13564;6M0J;A:E;YE449T;298.15;32841599;1.16;36.247;54.755;18.508;True;Rim;59.373;59.373;0;C;X;C;X;0.423;-0.53;0.86;-0.78;0.73;0.1;1.85;0.215;0.9106662;-0.26432985;2.10343034061;1.72202106781;1.14618275676833;0.0771152029683334
6M0J-13565;6M0J;A:E;YE449V;298.15;32841599;1.36;36.247;54.755;18.508;True;Rim;60.038;60.495;0.457;C;X;C;X;0.649;-0.355;0.96;-0.72;0.65;-0.05;1.847;0.212;0.8778019;-0.5718224;1.49402442856;2.24711743483;1.07963772142667;0.127049172471667
6M0J-13566;6M0J;A:E;YE449W;298.15;32841599;1.43;36.247;54.755;18.508;True;Rim;56.617;67.836;11.219;C;X;C;X;0.307;-0.018;-0.58;0.09;0.26;0.14;1.364;0.181;0.24868885;0.9708336;1.99462393537;0.817764470828;0.599052130895;0.363599678471333
6M0J-13624;6M0J;A:E;YE453A;298.15;32841599;0.27;6.047;17.999;11.952;True;Support;5.757;5.757;0;E;B;E;B;0.845;-0.902;0.94;-1.08;1.81;-0.08;1.397;0.747;1.2393808;-0.2538951;1.15119891957;4.91195176575;1.23042995326167;0.557176110958333
6M0J-13625;6M0J;A:E;YE453C;298.15;32841599;0.26;6.047;17.999;11.952;True;Support;7.338;12.306;4.969;E;B;E;B;0.888;-0.81;1;-0.77;0.42;0.44;1.114;0.849;0.9122432;0.32557714;1.1778407815;4.2143115033;0.918680663583333;0.708148107216667
6M0J-13626;6M0J;A:E;YE453D;298.15;32841599;3.49;6.047;17.999;11.952;True;Support;7.4;7.4;0;E;B;E;B;0.993;-0.091;1.22;-1.75;1.72;-0.29;1.703;0.703;1.2998278;0.83668905;1.74141207985;0.928202934426;1.44620664664167;0.056148664071
6M0J-13627;6M0J;A:E;YE453E;298.15;32841599;1.18;6.047;17.999;11.952;True;Support;5.437;6.962;1.525;E;B;E;B;0.958;-1.172;1.43;-1.61;1.54;-0.64;1.56;0.15;0.9487643;1.1721411;2.76766697068;1.03487923796;1.53407187844667;-0.17749661034
6M0J-13628;6M0J;A:E;YE453F;298.15;32841599;-0.25;6.047;17.999;11.952;True;Support;4.421;12.932;8.51;E;B;E;B;0.083;-0.444;-0.21;0.12;0.31;0.13;0.625;0.99;0.36133182;0.390235;-0.167945322203;1.44485435012;0.166897749632833;0.438514891686667
6M0J-13629;6M0J;A:E;YE453G;298.15;32841599;0.92;6.047;17.999;11.952;True;Support;5.595;5.595;0;E;B;E;B;1.017;-0.288;0.71;-1.84;1.95;-0.06;1.397;0.631;1.319407;0.30057806;2.39524182658;7.35887583769;1.46477480443;1.017075649615
6M0J-13630;6M0J;A:E;YE453H;298.15;32841599;0.07;6.047;17.999;11.952;True;Support;3.07;11.088;8.017;E;B;E;B;0.761;-0.59;0.47;-0.31;0.78;-0.21;1.403;-0.703;0.84283704;0.51428866;3.46257478096;4.25674729971;1.28656863682667;0.493005993285
6M0J-13631;6M0J;A:E;YE453I;298.15;32841599;0.53;6.047;17.999;11.952;True;Support;3.303;7.228;3.925;E;B;E;B;0.831;-1.294;1.16;-1.21;0.64;0.16;1.111;0.096;1.2180996;0.24500754;1.04254327123;4.06749129756;1.00044047853833;0.344083139593333
6M0J-13632;6M0J;A:E;YE453K;298.15;32841599;-0.08;6.047;17.999;11.952;True;Support;6.877;13.329;6.453;E;B;E;B;0.854;-0.024;0.75;-1.69;1.48;-0.53;1.838;0.273;1.1442926;0.7115756;3.59078402201;3.29897382269;1.609512770335;0.339924903781667
6M0J-13633;6M0J;A:E;YE453L;298.15;32841599;0.17;6.047;17.999;11.952;True;Support;6.289;9.651;3.362;E;B;E;B;0.815;-1.087;0.71;-0.71;0.76;0.27;0.378;0.27;0.9678586;0.1985721;0.299209707794;3.97121383592;0.655011384632333;0.485464322653333
6M0J-13634;6M0J;A:E;YE453M;298.15;32841599;0.05;6.047;17.999;11.952;True;Support;5.074;12.823;7.749;E;B;E;B;0.91;-1.1;0.67;0.63;0.85;0.3;0.814;0.164;0.9403754;0.27085048;0.771677819755;1.97928728562;0.826008869959167;0.374022960936667
6M0J-13635;6M0J;A:E;YE453N;298.15;32841599;0.82;6.047;17.999;11.952;True;Support;4.543;4.773;0.23;E;B;E;B;0.732;-0.856;0.78;0.23;1.42;-0.03;1.706;0.123;1.3083321;0.6583408;5.0168238138;5.45791260546;1.8271926523;0.930542234243333
6M0J-13636;6M0J;A:E;YE453P;298.15;32841599;4.8;6.047;17.999;11.952;True;Support;11.263;11.263;0;E;B;C;X;1.618;-1.062;0.76;-1.25;1.59;-0.42;2.602;0.215;1.908125;0.30932382;1.86453071692;1.72710855113;1.72377595282;-0.0800946048116668
6M0J-13637;6M0J;A:E;YE453Q;298.15;32841599;0.37;6.047;17.999;11.952;True;Support;4.394;13.399;9.005;E;B;E;B;0.958;0.071;0.99;-0.01;1.4;-0.45;1.879;-0.728;1.3664414;0.73382235;6.72994725874;2.64960216569;2.22056477645667;0.377737419281667
6M0J-13638;6M0J;A:E;YE453R;298.15;32841599;0.3;6.047;17.999;11.952;True;Support;7.37;16.898;9.527;E;B;E;B;0.767;0.217;1.16;-0.23;1.16;0.17;1.379;-0.293;1.0515003;0.79413867;3.40375121451;3.71552427974;1.48687525241833;0.728943824956667
6M0J-13639;6M0J;A:E;YE453S;298.15;32841599;0.21;6.047;17.999;11.952;True;Support;10.5;10.5;0;E;B;E;B;0.877;-0.634;1;-1.19;1.65;0.02;1.703;0.846;1.0273986;0.24575055;1.2238943542;2.46764879163;1.24688215903333;0.292566556938333
6M0J-13640;6M0J;A:E;YE453T;298.15;32841599;0.55;6.047;17.999;11.952;True;Support;7.082;9.333;2.251;E;B;E;B;0.897;-0.855;0.94;-0.24;1.3;0.16;0.981;0.867;1.0821352;0.34690925;1.9691093292;1.77884223784;1.1948740882;0.342958581306667
6M0J-13641;6M0J;A:E;YE453V;298.15;32841599;0.11;6.047;17.999;11.952;True;Support;8.238;10.324;2.086;E;B;E;B;0.82;-0.999;0.86;-1.18;0.71;0.41;0.981;0.88;0.98168355;0.10894513;0.764733855946;2.52351250729;0.852902900991;0.290576272881667
6M0J-13642;6M0J;A:E;YE453W;298.15;32841599;0.16;6.047;17.999;11.952;True;Support;3.477;13.353;9.876;E;B;E;B;-0.035;-0.504;-0.08;0.39;0.3;0.4;0.358;0.975;0.44040307;0.8411161;1.20017534493;2.91443403695;0.363929735821667;0.836091689491667
6M0J-13662;6M0J;A:E;LE455A;298.15;32841599;0.47;0;18.725;18.725;True;Support;0.384;4.942;4.558;C;X;C;X;1.548;-0.326;2.17;-0.32;1.62;-0.25;1.72;0.28;1.3558745;-0.4949907;2.35728053226;0.0849812326453;1.79519250537667;-0.17100157789245
6M0J-13663;6M0J;A:E;LE455C;298.15;32841599;0.71;0;18.725;18.725;True;Support;0;13.313;13.313;C;X;C;X;1.384;0.255;1.96;0.73;0.33;1.03;1.387;-0.13;0.60323936;0.5778685;2.45545701184;-0.0896936134408;1.35328272864;0.395529147759867
6M0J-13664;6M0J;A:E;LE455D;298.15;32841599;2.25;0;18.725;18.725;True;Support;0;17.7;17.7;C;X;C;X;1.937;-0.048;2.4;-0.84;2.09;-0.58;1.934;-0.576;1.2782835;0.40998596;3.52216414872;0.26997073992;2.19357460812;-0.227340550013333
6M0J-13665;6M0J;A:E;LE455E;298.15;32841599;2.05;0;18.725;18.725;True;Support;0.156;20.915;20.758;C;X;C;X;1.97;0.461;1.26;-0.67;1.96;-0.99;1.669;-0.811;1.7222098;0.2562212;2.77791395845;0.0664508347146;1.893187293075;-0.281221327547567
6M0J-13666;6M0J;A:E;LE455F;298.15;32841599;0.19;0;18.725;18.725;True;Support;0;30.077;30.077;C;X;C;X;-0.689;0.771;1.47;-1.03;-0.14;1.66;1.01;-0.351;0.45709848;1.3262098;0.840699427656;2.3577167459;0.491466317942667;0.78898775765
6M0J-13667;6M0J;A:E;LE455G;298.15;32841599;0.54;0;18.725;18.725;True;Support;1.554;7.236;5.682;C;X;C;X;1.596;0.578;2.47;-0.82;1.89;0.07;1.727;-0.489;1.7249721;0.5519809;2.85320524909;-0.0989036931412;2.04352955818167;-0.0346537988568667
6M0J-13668;6M0J;A:E;LE455H;298.15;32841599;0.76;0;18.725;18.725;True;Support;0.527;28.714;28.187;C;X;C;X;0.735;0.47;1.54;-1.28;0.61;0.43;1.359;-0.472;1.3215419;1.1187713;0.968321286953;2.27940464597;1.0889771978255;0.424362657661667
6M0J-13669;6M0J;A:E;LE455I;298.15;32841599;0.01;0;18.725;18.725;True;Support;0.353;17.175;16.822;C;X;C;X;0.961;-0.531;0.67;-0.54;0.13;0.82;1.172;-0.089;1.0713241;0.683036;0.216794629725;-0.242400479415;0.7035197882875;0.0167725867641666
6M0J-13670;6M0J;A:E;LE455K;298.15;32841599;1.99;0;18.725;18.725;True;Support;0.221;25.908;25.688;C;X;C;X;1.248;-0.037;2.56;-2.21;1.69;-0.51;2.009;-1.543;1.1962324;0.45895433;1.08467821698;2.80345126058;1.63131843616333;-0.17293240157
6M0J-13671;6M0J;A:E;LE455M;298.15;32841599;-0.05;0;18.725;18.725;True;Support;0;23.985;23.985;C;X;C;X;1.329;0.803;0.18;1.1;0.55;0.49;0.773;0.493;0.7210326;0.6920817;1.03319542484;0.11722840692;0.764371337473333;0.61588501782
6M0J-13672;6M0J;A:E;LE455N;298.15;32841599;0.8;0;18.725;18.725;True;Support;0;20.177;20.177;C;X;C;X;1.22;0.078;1.71;-0.78;1.88;-0.48;1.338;-0.498;1.058819;0.651231;2.73941117401;1.39503294929;1.65770502900167;0.0610439915483333
6M0J-13673;6M0J;A:E;LE455P;298.15;32841599;0.95;0;18.725;18.725;True;Support;0.785;7.466;6.681;C;X;C;X;1.327;-0.36;2.61;-1.97;1.06;0.19;2.926;-1.473;1.8224103;0.21920738;1.89500931915;0.391775620306;1.940069936525;-0.500336166615667
6M0J-13674;6M0J;A:E;LE455Q;298.15;32841599;0.63;0;18.725;18.725;True;Support;0;29.891;29.891;C;X;C;X;1.307;0.179;2.15;-0.23;1.5;-0.33;2.016;-0.987;1.181315;0.55405927;4.02918883868;0.935512208902;2.03058397311333;0.0202619131503334
6M0J-13675;6M0J;A:E;LE455R;298.15;32841599;1.6;0;18.725;18.725;True;Support;0;33.476;33.476;C;X;C;X;1.286;0.683;2.31;-0.21;0.93;-0.11;1.925;-2.046;1.1266022;0.85099566;2.21788527712;4.18052788914;1.63258124618667;0.55808725819
6M0J-13676;6M0J;A:E;LE455S;298.15;32841599;0.78;0;18.725;18.725;True;Support;1.316;12.517;11.201;C;X;C;X;-0.299;0.525;2.35;-0.76;1.58;0.26;2.037;0.123;0.90332663;0.4540739;2.92661245728;-0.0161132718764;1.58298984788;0.0976601046872667
6M0J-13677;6M0J;A:E;LE455T;298.15;32841599;0.78;0;18.725;18.725;True;Support;0;9.987;9.987;C;X;C;X;1.047;0.116;2.13;-0.81;1.31;-0.08;1.25;0.034;0.6814017;0.3797329;3.98562181247;-0.00956823588842;1.734003918745;-0.06163922264807
6M0J-13678;6M0J;A:E;LE455V;298.15;32841599;0.73;0;18.725;18.725;True;Support;0;6.399;6.399;C;X;C;X;1.279;-0.328;2.38;0.1;0.39;0.63;1.243;-0.062;1.2403231;0.24778667;1.41398815605;-0.0840795659467;1.32438520934167;0.0839511840088833
6M0J-13679;6M0J;A:E;LE455W;298.15;32841599;0.27;0;18.725;18.725;True;Support;0;27.266;27.266;C;X;C;X;0.016;0.767;0.65;-0.59;-0.07;2.03;0.405;0.732;1.088494;1.3448489;0.0832221805311;2.58878903052;0.36211936342185;1.14543965508667
6M0J-13680;6M0J;A:E;LE455Y;298.15;32841599;1.5;0;18.725;18.725;True;Support;1.217;30.865;29.648;C;X;C;X;-1.162;0.932;0.44;-1.02;-0.22;1.85;0.702;-0.066;0.5476638;1.321354;5.56170713056;2.1880035773;0.978228488426667;0.867559596216667
6M0J-13681;6M0J;A:E;FE456A;298.15;32841599;2.17;3.177;23.486;20.309;True;Support;11.746;15.838;4.092;C;X;C;X;1.627;-0.925;2.18;-0.73;2.18;-0.31;1.756;-0.136;1.7189771;-1.2293692;2.57026983148;0.725641706215;2.00537448858;-0.434121248964167
6M0J-13682;6M0J;A:E;FE456C;298.15;32841599;1.2;3.177;23.486;20.309;True;Support;5.228;15.869;10.641;C;X;C;X;1.588;-0.553;2.24;-1.15;1.49;0.54;1.45;-0.131;1.2618288;0.18137208;2.59210024512;0.331565596954;1.77032150752;-0.130177053841
6M0J-13683;6M0J;A:E;FE456D;298.15;32841599;4.55;3.177;23.486;20.309;True;Support;8.25;28.384;20.134;C;X;C;X;1.85;-0.405;2.35;-2.14;1.85;-0.27;2.14;-1.024;0.9356944;0.6944804;2.62922094495;0.154714757366;1.95915255749167;-0.498300807105667
6M0J-13684;6M0J;A:E;FE456E;298.15;32841599;2.45;3.177;23.486;20.309;True;Support;6.027;16.16;10.133;C;X;C;X;1.816;-0.151;2.14;-2.02;1.94;-0.56;1.984;-0.279;1.1720995;0.47978246;4.41291248608;-0.288895296534;2.24416866434667;-0.469852139422333
6M0J-13685;6M0J;A:E;FE456G;298.15;32841599;2.22;3.177;23.486;20.309;True;Support;17.986;17.986;0;C;X;C;X;1.688;-0.155;2.23;-2.31;2.45;0.04;1.77;-0.467;1.6647962;0.17636734;2.88258909452;0.740883648465;2.11423088242;-0.329124835255833
6M0J-13686;6M0J;A:E;FE456H;298.15;32841599;0.69;3.177;23.486;20.309;True;Support;6.225;26.076;19.851;C;X;C;X;-0.283;0.487;1.51;-1.98;1.2;0.27;1.742;-0.899;0.97259617;0.49640575;4.12643832308;0.27939143505;1.54467241551333;-0.224367135825
6M0J-13687;6M0J;A:E;FE456I;298.15;32841599;1.21;3.177;23.486;20.309;True;Support;5.053;17.293;12.241;C;X;C;X;1.457;-0.618;0.95;0.26;1.09;-0.04;1.429;-0.302;1.1871191;-0.02049619;0.882943048856;0.490831014429;1.16601035814267;-0.0382775292618333
6M0J-13688;6M0J;A:E;FE456K;298.15;32841599;1.38;3.177;23.486;20.309;True;Support;5.115;19.057;13.942;C;X;C;X;1.557;0.116;1.79;-0.57;1.61;-0.59;2.143;-0.828;1.0813181;0.4236533;2.1287301806;0.196786607846;1.7183413801;-0.208593348692333
6M0J-13689;6M0J;A:E;FE456L;298.15;32841599;0.11;3.177;23.486;20.309;True;Support;6.052;20.54;14.488;C;X;C;X;1.188;-0.401;1.23;0.38;1.25;0.17;0.501;0.537;1.193103;0.08063355;0.964368951441;0.410314472345;1.05441199190683;0.196158003724167
6M0J-13690;6M0J;A:E;FE456M;298.15;32841599;0.22;3.177;23.486;20.309;True;Support;3.772;14.212;10.439;C;X;C;X;1.4;-0.506;0.17;-0.53;1.3;-0.01;1.109;0.338;0.73055965;0.50007206;1.1637795553;-0.0331066734916;0.97888986755;-0.0401724355819333
6M0J-13691;6M0J;A:E;FE456N;298.15;32841599;2.38;3.177;23.486;20.309;True;Support;7.067;24.663;17.597;C;X;C;X;1.309;-0.176;1.94;-0.48;1.83;0.01;2.14;-1.004;0.7960095;0.73373693;4.77831864232;-0.109625539552;2.13222135705333;-0.170981434925333
6M0J-13692;6M0J;A:E;FE456P;298.15;32841599;2.69;3.177;23.486;20.309;True;Support;12.518;15.485;2.967;C;X;C;X;2.217;-0.531;2.33;-0.23;2.51;-0.93;2.968;-0.31;1.4077526;0.093636155;2.31366229632;0.614146869395;2.29106914938667;-0.215536162600833
6M0J-13693;6M0J;A:E;FE456Q;298.15;32841599;2.07;3.177;23.486;20.309;True;Support;13.627;31.346;17.719;C;X;C;X;1.234;-0.05;1.37;-1;1.68;-0.37;2.46;-1.125;1.0216149;0.7468168;3.14194032597;-0.321009779177;1.817925870995;-0.353198829862833
6M0J-13694;6M0J;A:E;FE456R;298.15;32841599;2.08;3.177;23.486;20.309;True;Support;16.507;39.027;22.519;C;X;C;X;1.683;0.278;1.5;0.09;1.17;0.1;1.708;-0.25;0.8765272;0.61178136;2.4374860253;0.7651661375;1.56250220421667;0.265824582916667
6M0J-13695;6M0J;A:E;FE456S;298.15;32841599;2.42;3.177;23.486;20.309;True;Support;12.779;17.936;5.157;C;X;C;X;1.392;-0.12;2.15;-0.06;2.12;-0.27;2.093;-0.211;1.2149835;0.2080755;3.83016679425;-0.0788230995577;2.133358382375;-0.0886245999262833
6M0J-13696;6M0J;A:E;FE456T;298.15;32841599;1.65;3.177;23.486;20.309;True;Support;9.714;20.02;10.305;C;X;C;X;1.407;-0.106;1.29;-2.13;1.66;-0.19;1.316;-0.204;1.0814011;0.354489;4.04290381824;-0.241477170257;1.79955081970667;-0.419498028376167
6M0J-13697;6M0J;A:E;FE456V;298.15;32841599;0.61;3.177;23.486;20.309;True;Support;7.736;18.778;11.043;C;X;C;X;1.446;-0.624;1.19;-1.05;1.32;0.08;1.316;-0.231;1.3185482;-0.031713128;1.35171519007;0.15378126628;1.32371056501167;-0.283821976953333
6M0J-13698;6M0J;A:E;FE456W;298.15;32841599;1.01;3.177;23.486;20.309;True;Support;3.737;24.257;20.52;C;X;C;X;0.42;0.743;1.2;-1.3;0.52;0.57;0.287;0.98;0.5818807;0.9577746;1.00311153665;-0.204441362133;0.668665372775;0.2910555396445
6M0J-13699;6M0J;A:E;FE456Y;298.15;32841599;1.5;3.177;23.486;20.309;True;Support;4.94;31.637;26.697;C;X;C;X;-0.606;1.16;1.77;-0.34;0.57;0.73;0.895;0.118;0.5474799;0.53008527;1.82892601561;0.329424526042;0.834234319268333;0.421251632673667
6M0J-14042;6M0J;A:E;AE475C;298.15;32841599;0.66;10.297;40.64;30.343;True;Core;7.166;35.216;28.05;C;X;C;X;-0.295;0.454;-0.24;0.14;0.06;1.37;0.418;0.879;0.052672684;0.98966306;0.50969709935;-0.0631088926963;0.084228297225;0.62825902788395
6M0J-14043;6M0J;A:E;AE475D;298.15;32841599;2.01;10.297;40.64;30.343;True;Core;8.276;42.958;34.682;C;X;C;X;-1.032;-0.036;1.15;-0.99;1.24;0.37;1.235;0.409;0.13522977;1.133431;1.97192282859;1.0029167824;0.783358766431667;0.314891297066667
6M0J-14044;6M0J;A:E;AE475E;298.15;32841599;0.48;10.297;40.64;30.343;True;Core;6.146;44.854;38.709;C;X;C;X;-0.696;0.304;0.32;-2.07;1.58;1.1;1.28;0.017;0.6809236;1.0343943;1.43225132731;2.02573584897;0.766195821218333;0.401855024828333
6M0J-14045;6M0J;A:E;AE475F;298.15;32841599;1.38;10.297;40.64;30.343;True;Core;12.836;56.586;43.75;C;X;C;X;-1.14;0.658;1.45;-1.18;-0.32;2.79;0.171;1.101;-0.45413965;1.8238775;3.19348084515;2.52731472533;0.483390199191667;1.28669870422167
6M0J-14046;6M0J;A:E;AE475G;298.15;32841599;0.13;10.297;40.64;30.343;True;Core;11.559;51.509;39.95;C;X;C;X;0.357;0.026;0.53;-0.61;0.91;1.04;0.793;0.561;1.2796671;0.56886053;1.01199064422;-0.150470190807;0.813609624036667;0.239231723198833
6M0J-14047;6M0J;A:E;AE475H;298.15;32841599;1.98;10.297;40.64;30.343;True;Core;6.893;28.681;21.788;C;X;C;X;-0.353;0.23;0.84;-0.32;0.45;1.28;1.147;0.571;0.250417;1.4723599;0.481211406433;1.15360721051;0.469271401072167;0.731161185085
6M0J-14048;6M0J;A:E;AE475I;298.15;32841599;0.48;10.297;40.64;30.343;True;Core;6.303;40.804;34.501;C;X;C;X;-0.27;-0.111;0.77;-2.17;0.07;1.98;0.125;1.053;0.25649998;1.6610222;1.39256741126;1.16218628326;0.390677898543333;0.595868080543333
6M0J-14049;6M0J;A:E;AE475K;298.15;32841599;1.06;10.297;40.64;30.343;True;Core;5.032;47.6;42.568;C;X;C;X;-0.403;0.339;0.86;-1.73;1.07;1.28;1.576;-0.268;0.52352625;0.97847205;0.345623535005;1.87052381883;0.6620249641675;0.411665978138333
6M0J-14050;6M0J;A:E;AE475L;298.15;32841599;1.27;10.297;40.64;30.343;True;Core;5.829;45.5;39.671;C;X;C;X;-0.182;-0.185;1.29;-1.88;0.17;1.94;-0.356;1.809;0.21726167;1.728678;0.107260141763;2.12894961745;0.207753635293833;0.923604602908333
6M0J-14051;6M0J;A:E;AE475M;298.15;32841599;0.38;10.297;40.64;30.343;True;Core;5.232;46.738;41.506;C;X;C;X;0.086;-0.211;0.35;-1.95;0.19;1.86;0.183;1.218;0.2073426;1.2926803;1.16072564818;1.47693827683;0.36284470803;0.614436429471667
6M0J-14052;6M0J;A:E;AE475N;298.15;32841599;1.67;10.297;40.64;30.343;True;Core;8.002;54.803;46.802;C;X;C;X;-0.557;0.309;0.16;0.01;0.86;1;1.177;0.051;0.26235312;0.9189842;2.80688064478;1.29694928566;0.78487229413;0.597655580943333
6M0J-14053;6M0J;A:E;AE475P;298.15;32841599;1.62;10.297;40.64;30.343;True;Core;9.226;40.313;31.087;C;X;C;X;0.349;0.179;-0.03;-0.67;0.63;1.33;1.643;-0.157;1.0209053;0.8605045;1.01237407677;1.27661026005;0.770879896128333;0.469852460008333
6M0J-14054;6M0J;A:E;AE475Q;298.15;32841599;0.8;10.297;40.64;30.343;True;Core;5.826;49.909;44.083;C;X;C;X;-0.432;0.71;0.79;0.42;0.71;1.16;1.262;-0.101;0.12771058;0.9948225;1.5830166441;2.85854815523;0.67345453735;1.00706177587167
6M0J-14055;6M0J;A:E;AE475R;298.15;32841599;0.86;10.297;40.64;30.343;True;Core;4.449;47.481;43.032;C;X;C;X;-0.36;0.537;0.57;-2.22;0.74;1.24;1.604;0.245;0.5338344;1.2541976;0.132022010987;2.56603712502;0.5366427351645;0.603705787503333
6M0J-14056;6M0J;A:E;AE475S;298.15;32841599;0.1;10.297;40.64;30.343;True;Core;7.436;46.013;38.577;C;X;C;X;-0.169;0.228;0.64;-0.03;0.62;1.03;1.17;0.361;0.5555615;0.4223848;1.72894135897;-0.415806226727;0.757583809828333;0.265929762212167
6M0J-14057;6M0J;A:E;AE475T;298.15;32841599;0.36;10.297;40.64;30.343;True;Core;7.636;43.613;35.977;C;X;C;X;-0.346;0.471;0.87;-0.42;0.54;1.39;0.499;1.533;0.49906588;0.8235916;1.51164661305;0.413817503996;0.595618748841667;0.701901517332667
6M0J-14058;6M0J;A:E;AE475V;298.15;32841599;0.14;10.297;40.64;30.343;True;Core;6.495;31.891;25.396;C;X;C;X;0.002;-0.064;0.94;-0.15;0.14;1.64;0.039;1.117;0.62031806;1.1439862;1.26195268877;0.729196730925;0.500545124795;0.7360304884875
6M0J-14059;6M0J;A:E;AE475W;298.15;32841599;2.26;10.297;40.64;30.343;True;Core;15.985;59.308;43.323;C;X;C;X;-1.459;0.567;1.33;-1.49;-0.3;3.16;1.742;0.875;0.2824037;1.8837305;1.21756521824;4.56255279359;0.46882815304;1.59304721559833
6M0J-14060;6M0J;A:E;AE475Y;298.15;32841599;1.69;10.297;40.64;30.343;True;Core;14.011;40.099;26.088;C;X;C;X;-1.08;0.482;1.53;-1.13;-0.27;2.47;0.143;0.947;-0.1358952;2.134831;7.77918732209;2.017507433;1.32771535368167;1.1535564055
6M0J-14061;6M0J;A:E;GE476A;298.15;32841599;0.26;13.59;24.618;11.027;True;Support;7.78;17.406;9.626;S;X;S;X;0.271;0.476;0.67;-0.33;0.7;0.49;0.653;0.694;0.7669612;0.46179175;0.488581125404;0.488842988257;0.591590387567333;0.3801057897095
6M0J-14062;6M0J;A:E;GE476C;298.15;32841599;1.89;13.59;24.618;11.027;True;Support;11.789;20.668;8.88;S;X;S;X;0.25;0.216;0.81;-0.44;0.3;0.92;0.367;0.933;0.52638704;1.0216308;0.45234740302;0.393955914058;0.450955740503333;0.507431119009667
6M0J-14063;6M0J;A:E;GE476D;298.15;32841599;0.54;13.59;24.618;11.027;True;Support;25.615;45.565;19.949;S;X;S;X;0.115;0.332;1.17;-0.57;0.5;1.05;0.867;0.354;0.5312909;1.048836;1.37057266549;0.821310065376;0.758977260915;0.506024344229333
6M0J-14064;6M0J;A:E;GE476E;298.15;32841599;1.35;13.59;24.618;11.027;True;Support;20.162;50.002;29.84;S;X;S;X;0.055;0.251;1.11;-1.29;0.81;1.29;0.823;0.549;0.42401004;1.117903;1.46629102179;1.13908475421;0.781383510298333;0.509497959035
6M0J-14065;6M0J;A:E;GE476F;298.15;32841599;1.22;13.59;24.618;11.027;True;Support;29.387;46.141;16.754;S;X;S;X;-0.099;0.131;0.76;-0.75;0.08;1.9;-0.057;1.306;0.21650195;1.8314133;0.0267534816319;0.626578391591;0.15454257193865;0.8408319485985
6M0J-14066;6M0J;A:E;GE476H;298.15;32841599;0.38;13.59;24.618;11.027;True;Support;29.015;46.703;17.688;S;X;S;X;0.162;0.09;0.8;-0.52;0.19;1.48;0.649;0.622;0.18888071;1.3877289;0.290295212493;1.94024531557;0.3800293204155;0.833329035928333
6M0J-14067;6M0J;A:E;GE476I;298.15;32841599;2.31;13.59;24.618;11.027;True;Support;17.363;39.75;22.387;S;X;S;X;0.228;-0.078;1.16;-1.46;0.44;1.65;0.367;0.943;0.61088514;1.2645396;0.15316688324;2.20181925132;0.493175337206667;0.753559808553333
6M0J-14068;6M0J;A:E;GE476K;298.15;32841599;1.68;13.59;24.618;11.027;True;Support;27.809;52.98;25.17;S;X;S;X;0.416;-0.016;0.76;-1.22;0.63;1.06;0.812;0.318;0.49036038;1.7195649;0.00150516793881;2.76976974517;0.518310924656468;0.771889107528333
6M0J-14069;6M0J;A:E;GE476L;298.15;32841599;2.51;13.59;24.618;11.027;True;Support;20.877;37.383;16.507;S;X;S;X;0.305;-0.041;1.26;-1.18;0.47;1.19;-0.356;1.635;0.61524415;1.6290317;0.652891692625;1.08090552718;0.491189307104167;0.718989537863333
6M0J-14070;6M0J;A:E;GE476M;298.15;32841599;1.67;13.59;24.618;11.027;True;Support;34.42;42.175;7.755;S;X;S;X;0.21;-0.092;1.4;-1.14;0.29;0.55;0.074;0.662;0.15527907;1.4086764;0.0892544727775;0.523946895988;0.369755590462917;0.318770549331333
6M0J-14071;6M0J;A:E;GE476N;298.15;32841599;0.84;13.59;24.618;11.027;True;Support;26.282;47.484;21.202;S;X;S;X;0.215;0.005;-0.46;-0.75;0.37;1.22;0.969;0.699;0.5057669;1.1112232;1.4486008072;0.584896419371;0.508061284533333;0.478353269895167
6M0J-14072;6M0J;A:E;GE476P;298.15;32841599;2.56;13.59;24.618;11.027;True;Support;13.792;18.757;4.965;S;X;S;X;0.545;-0.318;-0.38;-0.47;1.03;0.38;1.841;0.208;0.8440874;0.744779;1.05811154033;0.905341824134;0.823033156721667;0.241686804022333
6M0J-14073;6M0J;A:E;GE476Q;298.15;32841599;1.12;13.59;24.618;11.027;True;Support;20.866;47.532;26.666;S;X;S;X;0.237;-0.084;1.02;-0.71;0.59;1.45;1.217;0.264;0.6880602;1.0867023;1.69362109452;0.691333278452;0.907613549086667;0.449672596408667
6M0J-14074;6M0J;A:E;GE476R;298.15;32841599;1.18;13.59;24.618;11.027;True;Support;37.431;46.095;8.664;S;X;S;X;0.685;-0.034;0.44;-0.92;0.52;0.78;0.451;0.504;0.92476976;1.8642313;0.0866085251995;2.03625738482;0.517896380866583;0.70508144747
6M0J-14075;6M0J;A:E;GE476S;298.15;32841599;0.02;13.59;24.618;11.027;True;Support;10.313;20.41;10.097;S;X;S;X;0.17;0.344;0.61;-0.82;0.5;0.52;0.983;0.347;0.5136136;0.92743015;1.05023261577;0.572377611308;0.637807702628333;0.315134626884667
6M0J-14076;6M0J;A:E;GE476T;298.15;32841599;0.89;13.59;24.618;11.027;True;Support;15.316;29.564;14.248;S;X;S;X;0.276;0.19;0.5;-1.1;0.44;0.89;0.295;0.997;0.57111394;1.365796;1.55930441148;1.14278283354;0.60690305858;0.58092980559
6M0J-14077;6M0J;A:E;GE476V;298.15;32841599;1.96;13.59;24.618;11.027;True;Support;14.552;30.606;16.055;S;X;S;X;0.293;-0.097;0.6;-1.28;0.4;1.29;0.223;1.025;0.79085076;1.1234546;0.273263248547;0.500132174;0.4300190014245;0.426931129
6M0J-14078;6M0J;A:E;GE476W;298.15;32841599;0.57;13.59;24.618;11.027;True;Support;28.957;55.781;26.824;S;X;S;X;-0.417;0.171;0.86;-0.83;0.17;2.21;-0.291;1.908;0.40386915;2.218841;0.438358033864;2.04003753429;0.194037863977333;1.28631308904833
6M0J-14079;6M0J;A:E;GE476Y;298.15;32841599;0.98;13.59;24.618;11.027;True;Support;38.268;57.733;19.465;S;X;S;X;-0.141;0.449;0.59;-1.27;0.23;1.16;-0.246;1.462;0.112727106;2.117062;0.660505112115;1.70687396027;0.201038703019167;0.937489326711667
6M0J-14213;6M0J;A:E;EE484A;298.15;32841599;0.07;57.961;65.132;7.172;True;Rim;62.488;62.488;0;C;X;C;X;0.347;-0.337;0.13;1.14;0.1;0.27;0.419;0.266;0.46223557;-0.765368;1.35459721209;4.19685252114;0.468805463681667;0.795080753523333
6M0J-14214;6M0J;A:E;EE484C;298.15;32841599;0.52;57.961;65.132;7.172;True;Rim;65.486;65.486;0;C;X;C;X;0.485;-0.211;0.07;1.07;-0.04;0.13;0.137;0.219;0.5551206;-0.06973028;1.34484417086;3.0255642339;0.42532746181;0.69397232565
6M0J-14215;6M0J;A:E;EE484D;298.15;32841599;0.38;57.961;65.132;7.172;True;Rim;47.942;53.324;5.381;C;X;C;X;-0.001;-0.002;0.13;-0.18;0.07;0.29;0.745;0.253;0.5943011;0.24429166;1.56632968376;0.388793825141;0.51743846396;0.165680914190167
6M0J-14216;6M0J;A:E;EE484F;298.15;32841599;1.43;57.961;65.132;7.172;True;Rim;49.488;57.333;7.846;C;X;C;X;-0.078;0.286;0.21;-0.3;-0.09;0.61;-0.25;0.249;0.40787;0.6648869;0.8724154755;1.50523553541;0.178714245916667;0.502520405901667
6M0J-14217;6M0J;A:E;EE484G;298.15;32841599;0.06;57.961;65.132;7.172;True;Rim;55.776;55.776;0;C;X;C;X;0.343;-0.054;0.4;-0.21;0.43;-0.07;0.419;0.28;0.4188073;0.03900504;1.41865361475;2.65194850804;0.571576819125;0.439492258006667
6M0J-14218;6M0J;A:E;EE484H;298.15;32841599;0.55;57.961;65.132;7.172;True;Rim;53.361;53.361;0;C;X;C;X;-0.056;0.788;0.35;-0.27;0.07;-0.09;0.443;0.27;0.3578132;0.05304551;0.618879064302;1.09512720338;0.297282044050333;0.30769545223
6M0J-14219;6M0J;A:E;EE484I;298.15;32841599;0.64;57.961;65.132;7.172;True;Rim;47.883;48.101;0.219;C;X;C;X;0.164;0.242;0.11;-0.57;-0.15;0.16;0.15;0.021;0.21420124;0.57785314;0.521178916047;0.90189084028;0.168230026007833;0.222123996713333
6M0J-14220;6M0J;A:E;EE484K;298.15;32841599;-0.06;57.961;65.132;7.172;True;Rim;41.918;48.872;6.954;C;X;C;X;0.273;0.083;0.15;0.29;0.07;0.14;0.885;0.335;0.5897924;0.3095281;1.28246634775;4.90317794057;0.541709791291667;1.01011767342833
6M0J-14221;6M0J;A:E;EE484L;298.15;32841599;0.71;57.961;65.132;7.172;True;Rim;51.868;51.868;0;C;X;C;X;0.203;0.567;0.07;-0.24;0.01;0.17;-0.586;0.239;0.24304807;1.0155551;0.447641286705;1.77489105406;0.0646148927841667;0.587741025676667
6M0J-14222;6M0J;A:E;EE484M;298.15;32841599;0.26;57.961;65.132;7.172;True;Rim;66.368;71.773;5.405;C;X;C;X;0.3;0.04;0.02;-0.21;0.09;-0.03;-0.129;0.273;0.38117492;0.19920993;0.0299640744554;4.61936525742;0.1153564990759;0.815262531236667
6M0J-14223;6M0J;A:E;EE484N;298.15;32841599;0.08;57.961;65.132;7.172;True;Rim;52.7;52.7;0;C;X;C;X;0.443;-0.103;0.3;-0.03;0.09;-0.03;0.725;0.219;0.7647717;0.20901525;1.09456055998;1.45892618276;0.569555376663333;0.287323572126667
6M0J-14224;6M0J;A:E;EE484P;298.15;32841599;0.28;57.961;65.132;7.172;True;Rim;53.315;54.356;1.041;C;X;C;X;-0.451;-0.466;-0.33;0.16;-0.43;0.21;1.625;0.263;0.3782725;-0.3345039;1.99985167907;1.14936982913;0.465354029845;0.163644321521667
6M0J-14225;6M0J;A:E;EE484Q;298.15;32841599;-0.03;57.961;65.132;7.172;True;Rim;54.541;61.239;6.698;C;X;C;X;0.306;-0.027;0.12;0.04;0.22;-0.06;0.936;0.167;0.6167716;-0.16902316;0.868896281535;1.66355770077;0.511277980255833;0.269089090128333
6M0J-14226;6M0J;A:E;EE484R;298.15;32841599;-0.15;57.961;65.132;7.172;True;Rim;65.806;66.319;0.512;C;X;C;X;0.058;0.096;0.2;0.18;0.1;-0.06;0.75;0;0.38188177;0.6990386;2.13071244285;1.57039058836;0.603432368808333;0.41423819806
6M0J-14227;6M0J;A:E;EE484S;298.15;32841599;0.02;57.961;65.132;7.172;True;Rim;60.352;62.234;1.882;C;X;C;X;0.338;-0.237;-0.12;-0.07;0.06;0.18;0.728;0.273;0.87122846;-0.33809233;1.07867805982;0.585440138179;0.492651086636667;0.0655579680298333
6M0J-14228;6M0J;A:E;EE484T;298.15;32841599;-0.05;57.961;65.132;7.172;True;Rim;54.408;54.408;0;C;X;C;X;0.322;-0.134;0.07;0.59;-0.04;0.09;0.003;0.239;0.8101368;-0.063984334;0.632125994012;1.16923468811;0.299543799002;0.315041725685
6M0J-14229;6M0J;A:E;EE484V;298.15;32841599;0.65;57.961;65.132;7.172;True;Rim;55.758;55.758;0;C;X;C;X;0.288;-0.078;0.14;-0.41;-0.16;0.15;0.003;0.27;0.2807585;-0.05460781;0.680800440865;1.44283280302;0.205426490144167;0.220037498836667
6M0J-14230;6M0J;A:E;EE484W;298.15;32841599;0.78;57.961;65.132;7.172;True;Rim;48.317;65.108;16.791;C;X;C;X;-0.486;0.216;0.36;-0.67;-0.12;1.03;-0.531;1.509;0.39425898;0.738367;1.03736433017;2.06614587029;0.109103885028333;0.814918811715
6M0J-14231;6M0J;A:E;EE484Y;298.15;32841599;1.51;57.961;65.132;7.172;True;Rim;70.33;71.329;0.999;C;X;C;X;-0.07;0.34;0.2;0.04;-0.07;0.15;-0.37;-0.078;0.71827954;0.73862326;0.929957382779;0.124137888925;0.223039487129833;0.219126858154167
6M0J-14251;6M0J;A:E;FE486A;298.15;32841599;0.34;32.974;76.882;43.908;True;Rim;46.475;74.977;28.502;T;X;T;X;0.775;-0.543;1.28;-0.23;1.68;0.25;1.746;-0.541;2.2068052;-1.2525017;2.09103731847;0.458773379517;1.62980708641167;-0.309621386747167
6M0J-14252;6M0J;A:E;FE486C;298.15;32841599;1.2;32.974;76.882;43.908;True;Rim;49.689;77.483;27.794;T;X;T;X;0.81;-0.163;1.15;-0.05;1.6;0.24;1.344;-0.23;1.6688182;0.2113212;2.10462629022;1.63580063108;1.44624074837;0.27402030518
6M0J-14253;6M0J;A:E;FE486D;298.15;32841599;1.69;32.974;76.882;43.908;True;Rim;51.709;94.383;42.674;T;X;T;X;1.052;-0.191;1.91;-0.49;1.48;0.08;2.079;-0.792;1.2960234;0.6491353;1.81464069245;0.886321575248;1.60527734874167;0.0237428125413333
6M0J-14254;6M0J;A:E;FE486E;298.15;32841599;1.63;32.974;76.882;43.908;True;Rim;63.974;95.425;31.451;T;X;T;X;1.045;-0.177;1.66;-0.98;1.34;-0.06;1.749;-0.404;1.5607684;0.57520616;3.67278050006;-0.0548455208424;1.83792481667667;-0.183439893473733
6M0J-14255;6M0J;A:E;FE486G;298.15;32841599;0.77;32.974;76.882;43.908;True;Rim;48.273;75.77;27.497;T;X;T;X;0.797;-0.329;1.76;-0.44;1.89;0.04;1.811;-0.439;2.1281433;0.056186825;2.17956627769;0.807224588698;1.76095159628167;-0.0507647643836667
6M0J-14256;6M0J;A:E;FE486H;298.15;32841599;0.42;32.974;76.882;43.908;True;Rim;28.531;76.771;48.239;T;X;T;X;1.089;0.083;1.38;0.1;0.84;0.12;1.916;-0.142;1.2201865;0.78756464;1.72814154494;1.45482129796;1.36222134082333;0.400564322993333
6M0J-14257;6M0J;A:E;FE486I;298.15;32841599;0.38;32.974;76.882;43.908;True;Rim;50.63;75.755;25.125;T;X;T;X;0.94;-0.51;0.66;0.1;0.9;0.29;1.419;-0.06;1.6235808;-0.08704537;1.23463647692;1.03049047398;1.12953621282;0.127240850663333
6M0J-14258;6M0J;A:E;FE486K;298.15;32841599;0.62;32.974;76.882;43.908;True;Rim;30.394;75.216;44.822;T;X;T;X;0.826;0.416;0.75;0.3;1.08;-0.2;2.287;-1.026;1.3632355;0.41662374;1.4335912027;1.54690340291;1.28997111711667;0.242254523818333
6M0J-14259;6M0J;A:E;FE486L;298.15;32841599;0.47;32.974;76.882;43.908;True;Rim;39.91;77.409;37.499;T;X;T;X;0.936;-0.186;0.31;0.03;0.74;0.34;0.45;1.001;1.6735133;0.0294559;1.04141306784;1.0237634073;0.858487727973333;0.373036551216667
6M0J-14260;6M0J;A:E;FE486M;298.15;32841599;0.53;32.974;76.882;43.908;True;Rim;60.135;85.091;24.956;T;X;T;X;0.966;-0.434;0.05;-0.02;0.85;0.12;0.628;0.181;1.0843834;0.53046864;0.916858317066;0.556494091783;0.749206952844333;0.155660455297167
6M0J-14261;6M0J;A:E;FE486N;298.15;32841599;0.82;32.974;76.882;43.908;True;Rim;44.765;78.324;33.559;T;X;T;X;0.679;0.186;1.21;0.02;1.33;0.09;2.055;-1.178;1.0564196;0.7590811;1.10985416643;2.65547365886;1.24004562773833;0.42209245981
6M0J-14262;6M0J;A:E;FE486P;298.15;32841599;0.18;32.974;76.882;43.908;True;Rim;49.084;69.946;20.861;T;X;T;X;1.014;-0.53;1.02;-0.16;0.81;0.2;2.88;-0.364;1.6979492;-0.062861204;1.79796546028;0.685049207663;1.53665244338;-0.0386353327228333
6M0J-14263;6M0J;A:E;FE486Q;298.15;32841599;0.72;32.974;76.882;43.908;True;Rim;33.428;80.944;47.516;T;X;T;X;0.716;0.124;1.51;-0.41;1.2;-0.03;2.051;-1.22;1.3139148;0.8530054;2.79084386091;1.98058090355;1.59695977681833;0.216264383925
6M0J-14264;6M0J;A:E;FE486R;298.15;32841599;0.38;32.974;76.882;43.908;True;Rim;68.221;90.791;22.57;T;X;T;X;0.777;0.079;1.13;0.27;0.95;-0.06;1.756;-0.475;1.1818771;0.71619636;1.49131905156;0.418340940968;1.21436602526;0.158089550161333
6M0J-14265;6M0J;A:E;FE486S;298.15;32841599;0.63;32.974;76.882;43.908;True;Rim;45.944;82.774;36.83;T;X;T;X;0.601;-0.025;1.07;0.07;1.46;0.45;2.093;-0.857;1.6003807;0.19176963;2.30598971852;0.814862310335;1.52172840308667;0.1074386567225
6M0J-14266;6M0J;A:E;FE486T;298.15;32841599;0.71;32.974;76.882;43.908;True;Rim;45.418;75.053;29.635;T;X;T;X;0.662;0.086;1.03;0.09;1.23;0.32;1.149;-0.176;1.3264067;0.5512451;3.84658175532;0.609808090117;1.54066474255333;0.246842198352833
6M0J-14267;6M0J;A:E;FE486V;298.15;32841599;0.43;32.974;76.882;43.908;True;Rim;46.159;75.111;28.952;T;X;T;X;0.849;-0.442;1.38;-0.14;0.93;0.37;1.5;0.141;1.7221886;-0.05109495;1.05539122423;1.1434449387;1.239429970705;0.170224998116667
6M0J-14268;6M0J;A:E;FE486W;298.15;32841599;0.23;32.974;76.882;43.908;True;Rim;42.073;71.204;29.131;T;X;T;X;0.273;0.327;0.01;0.01;0.31;0.42;0.857;0.516;0.8598308;0.89059436;0.386943830597;1.94956830081;0.449462438432833;0.685527110135
6M0J-14269;6M0J;A:E;FE486Y;298.15;32841599;0.34;32.974;76.882;43.908;True;Rim;29.766;84.415;54.649;T;X;T;X;0.595;0.32;-0.17;-0.26;0.5;0.61;1.079;0.281;0.78613824;0.5413868;2.2676836665;1.02119691846;0.84297031775;0.418930619743333
6M0J-14270;6M0J;A:E;NE487A;298.15;32841599;1.74;3.147;28.648;25.501;True;Core;0.931;8.948;8.017;T;X;T;X;1.004;-0.632;1.4;-1.91;1.13;0.15;0.211;0.598;1.0137084;-0.42417568;0.886590205593;1.56598204273;0.940883100932167;-0.108698939545
6M0J-14271;6M0J;A:E;NE487C;298.15;32841599;2.41;3.147;28.648;25.501;True;Core;4.236;20.229;15.993;T;X;T;X;1.096;0.512;0.53;-0.62;0.19;1.2;-0.15;0.67;0.8844646;0.7627889;0.885179468897;4.28037061022;0.572607344816167;1.13419325170333
6M0J-14272;6M0J;A:E;NE487D;298.15;32841599;1.08;3.147;28.648;25.501;True;Core;3.429;28.428;24.999;T;X;T;X;0.301;0.822;1.2;-1.48;0.97;0.29;0.616;0.814;0.8345628;0.89835703;1.22681469847;0.950606282948;0.858062916411667;0.382493885491333
6M0J-14273;6M0J;A:E;NE487E;298.15;32841599;2.06;3.147;28.648;25.501;True;Core;6.448;20.143;13.694;T;X;T;X;0.756;0.318;1.76;-1.67;1.19;-0.16;0.419;0.934;0.9496192;1.2004945;1.8219819833;0.314115450736;1.14943353055;0.156101658456
6M0J-14274;6M0J;A:E;NE487F;298.15;32841599;2.29;3.147;28.648;25.501;True;Core;13.085;39.42;26.335;T;X;T;X;0.272;-0.39;1.23;-1.42;0.02;1.34;-0.444;0.985;0.8273215;1.2515988;3.04478160555;3.43086275761;0.825017184258333;0.866243592935
6M0J-14275;6M0J;A:E;NE487G;298.15;32841599;1.59;3.147;28.648;25.501;True;Core;4.744;7.668;2.924;T;X;T;X;1.013;0.717;0.97;-0.97;0.75;0.63;0.225;-0.266;1.0209174;0.32721487;1.23404734522;2.81018460305;0.868827457536667;0.541399912175
6M0J-14276;6M0J;A:E;NE487H;298.15;32841599;1.87;3.147;28.648;25.501;True;Core;4.913;34.456;29.543;T;X;T;X;-0.049;-0.202;1.23;-1.99;0.18;1.16;0.221;0.237;0.6557201;0.823171;0.0290827214963;4.10467243201;0.377800470249383;0.688807238668333
6M0J-14277;6M0J;A:E;NE487I;298.15;32841599;2.77;3.147;28.648;25.501;True;Core;4.114;19.587;15.472;T;X;T;X;0.517;-0.208;1.44;-1.67;0.51;1.31;-0.262;1.189;0.7688192;1.4651263;0.494444955458;3.51095451715;0.578044025909666;0.932846802858333
6M0J-14278;6M0J;A:E;NE487K;298.15;32841599;2.3;3.147;28.648;25.501;True;Core;9.071;19.61;10.539;T;X;T;X;1.12;-0.564;0.68;-0.82;1.08;0.2;0.356;0.284;1.2377883;1.0533161;0.493898024223;5.44695167706;0.827947720703834;0.933377962843334
6M0J-14279;6M0J;A:E;NE487L;298.15;32841599;2.2;3.147;28.648;25.501;True;Core;5.908;25.996;20.088;T;X;T;X;0.61;0.176;0.56;-0.33;0.39;0.95;-0.808;1.874;0.80508304;1.3228612;0.764480500618;6.37504249662;0.386927256769667;1.72798394943667
6M0J-14280;6M0J;A:E;NE487M;298.15;32841599;2.12;3.147;28.648;25.501;True;Core;10.319;28.05;17.731;T;X;T;X;0.593;-0.25;0.81;-0.6;0.25;0.93;-0.896;1.02;0.7683567;1.182771;0.525987334885;4.23475851419;0.341890672480833;1.08625491903167
6M0J-14281;6M0J;A:E;NE487P;298.15;32841599;2.64;3.147;28.648;25.501;True;Core;0.777;18.025;17.248;T;X;T;X;0.302;-0.001;1.84;-1;1.16;0.78;1.386;0.023;0.633379;0.7619379;1.75846188209;1.84994588534;1.17997348034833;0.402313964223333
6M0J-14282;6M0J;A:E;NE487Q;298.15;32841599;2.09;3.147;28.648;25.501;True;Core;5.097;18.048;12.951;T;X;T;X;1.001;-0.284;1.39;-1.59;0.69;0.27;0.759;0.236;0.7870673;1.0277803;2.1262220448;3.72329881206;1.12554822413333;0.563846518676667
6M0J-14283;6M0J;A:E;NE487R;298.15;32841599;2.3;3.147;28.648;25.501;True;Core;13.019;25.584;12.565;T;X;T;X;0.93;-0.326;0.99;-1.09;0.6;0.51;0.17;0.388;0.9562774;1.0037155;0.433428032537;3.35885368864;0.679950905422833;0.64076153144
6M0J-14284;6M0J;A:E;NE487S;298.15;32841599;1.51;3.147;28.648;25.501;True;Core;1.772;7.132;5.36;T;X;T;X;0.865;-0.945;1.37;-0.8;1.03;0.21;0.578;0.287;0.9847797;0.4592324;0.807612310116;1.27132157977;0.939232001686;0.0804256632949999
6M0J-14285;6M0J;A:E;NE487T;298.15;32841599;1.93;3.147;28.648;25.501;True;Core;1.725;14.165;12.44;T;X;T;X;1.005;0.226;1.16;-0.85;0.8;0.19;-0.27;1.025;0.7645473;0.72972316;0.56584755539;1.45819358602;0.670899142565;0.463152791003333
6M0J-14286;6M0J;A:E;NE487V;298.15;32841599;2.47;3.147;28.648;25.501;True;Core;1.509;11.569;10.06;T;X;T;X;0.571;-0.38;1.39;-1.22;0.35;0.55;-0.266;1.031;0.72888726;1.1720365;0.607307038193;1.056922456;0.563532383032167;0.368326492666667
6M0J-14287;6M0J;A:E;NE487W;298.15;32841599;2.39;3.147;28.648;25.501;True;Core;21.373;38.131;16.758;T;X;T;X;0.013;0.069;1.81;-0.73;0.23;0.98;-0.712;1.802;0.81474066;2.3216221;1.63176055666;3.42807044637;0.631250202776667;1.31178209106167
6M0J-14288;6M0J;A:E;NE487Y;298.15;32841599;2.3;3.147;28.648;25.501;True;Core;19.317;47.915;28.598;T;X;T;X;0.227;-0.292;1.34;-1.34;-0.24;1.66;-0.568;2.075;0.76454675;2.3852654;6.28892000417;3.7738254853;1.30207779236167;1.37701514755
6M0J-14308;6M0J;A:E;YE489A;298.15;32841599;2.46;6.001;37.889;31.888;True;Core;13.153;26;12.847;E;B;E;B;1.946;-1.038;2.22;-0.68;2.82;0.02;1.727;-0.673;1.9986686;-0.9326763;2.49997734847;3.15015827675;2.20194099141167;-0.0255863372083334
6M0J-14309;6M0J;A:E;YE489C;298.15;32841599;3.24;6.001;37.889;31.888;True;Core;14.497;37.671;23.174;E;B;E;B;1.937;-0.919;0.98;-0.13;2.59;0.22;1.585;-0.344;1.5673698;0.06624892;2.48634388696;3.62777092269;1.85761894782667;0.420169973781667
6M0J-14310;6M0J;A:E;YE489D;298.15;32841599;3.37;6.001;37.889;31.888;True;Core;21.963;47.195;25.232;E;B;E;B;2.37;-0.987;1.87;-1.92;2.79;-0.82;2.364;-1.333;2.3594475;0.34509945;1.92158795725;1.15070831817;2.27917257620833;-0.594032038638333
6M0J-14311;6M0J;A:E;YE489E;298.15;32841599;3.98;6.001;37.889;31.888;True;Core;23.203;48.226;25.024;E;B;E;B;2.334;-0.864;2.01;-1.08;2.2;-0.53;1.915;-0.586;1.8518955;0.68813056;1.28887878715;1.02624235778;1.933295714525;-0.22427118037
6M0J-14312;6M0J;A:E;YE489F;298.15;32841599;0.95;6.001;37.889;31.888;True;Core;8.023;35.717;27.694;E;B;E;B;1.051;-0.855;0.27;0.29;1.38;0.3;0.533;0.69;0.6110635;0.41739857;1.18472064246;0.859843779142;0.838297357076667;0.283707058190333
6M0J-14313;6M0J;A:E;YE489G;298.15;32841599;4.32;6.001;37.889;31.888;True;Core;15.212;24.287;9.075;E;B;E;B;1.943;-0.574;1.98;-1.74;3.43;-0.28;1.816;-0.167;1.8724761;-0.260835;3.0043040242;6.18711008939;2.34096335403333;0.527545848231667
6M0J-14314;6M0J;A:E;YE489H;298.15;32841599;0.66;6.001;37.889;31.888;True;Core;8.865;41.064;32.199;E;B;E;B;1.763;-1.366;2.67;-1.76;1.74;0.25;1.649;-0.434;1.1170815;0.32400602;2.9697028205;3.52522313427;1.98479738675;0.0898715257116666
6M0J-14315;6M0J;A:E;YE489I;298.15;32841599;2.22;6.001;37.889;31.888;True;Core;7.249;32.509;25.26;E;B;E;B;1.7;-1.456;1.39;0.15;1.93;0.25;1.346;0.031;1.7243176;-0.2547657;1.7234900416;2.46564482487;1.63563460693333;0.197646520811667
6M0J-14316;6M0J;A:E;YE489K;298.15;32841599;4.33;6.001;37.889;31.888;True;Core;11.754;49.906;38.151;E;B;E;B;1.857;-1.462;1.57;-1.26;1.98;-0.33;2.36;-0.99;1.5936468;0.60989416;5.27678288457;3.16456352862;2.439571614095;-0.04459038523
6M0J-14317;6M0J;A:E;YE489L;298.15;32841599;2.2;6.001;37.889;31.888;True;Core;11.06;35.583;24.523;E;B;E;B;1.793;-1.332;1.07;-0.01;2.01;0.11;0.361;0.259;1.2767825;-0.32966954;1.61470785993;2.32032589445;1.35424839332167;0.169609392408333
6M0J-14318;6M0J;A:E;YE489M;298.15;32841599;1.98;6.001;37.889;31.888;True;Core;6.482;38.346;31.864;E;B;E;B;1.9;-1.252;1.3;-0.09;1.68;0.66;0.947;0.022;1.2346203;0.1587624;1.80244091198;3.03458389202;1.47734353533;0.422224382003333
6M0J-14319;6M0J;A:E;YE489N;298.15;32841599;2.57;6.001;37.889;31.888;True;Core;17.894;45.702;27.808;E;B;E;B;1.871;-0.665;1.94;-1.24;2.58;-0.44;2.344;-1.026;1.9584888;0.42712334;2.98628341631;1.24438238507;2.27996203605167;-0.283249045821667
6M0J-14320;6M0J;A:E;YE489P;298.15;32841599;2.26;6.001;37.889;31.888;True;Core;9.504;26.592;17.088;E;B;C;X;2.004;-0.393;1.9;-0.57;2.84;-0.47;2.892;-1.732;2.7593708;-0.1944533;1.86839197229;5.16733177885;2.37729379538167;0.301313079808333
6M0J-14321;6M0J;A:E;YE489Q;298.15;32841599;2.2;6.001;37.889;31.888;True;Core;6.134;31.957;25.823;E;B;E;B;2.003;-1.112;1.78;-1.08;1.97;-0.03;2.418;-1.3;1.8882551;0.4341701;2.23456311134;1.69348276865;2.04896970189;-0.232391188558333
6M0J-14322;6M0J;A:E;YE489R;298.15;32841599;3.79;6.001;37.889;31.888;True;Core;4.219;38.754;34.535;E;B;E;B;1.907;-2.042;1.77;-1.47;1.85;-0.06;2.198;-0.814;1.4821374;0.6193832;6.3694003678;3.68128346027;2.59608962796667;-0.0142222232883332
6M0J-14323;6M0J;A:E;YE489S;298.15;32841599;4.8;6.001;37.889;31.888;True;Core;8.851;23.485;14.634;E;B;E;B;1.898;-0.615;1.92;-1.78;2.87;-0.08;2.102;-1.033;1.5292894;-0.09846485;3.14021958253;1.68566191473;2.24325149708833;-0.320133822545
6M0J-14324;6M0J;A:E;YE489T;298.15;32841599;4.61;6.001;37.889;31.888;True;Core;10.74;25.536;14.796;E;B;E;B;1.909;-0.947;0.86;-0.04;2.47;-0.17;1.284;-0.502;1.6891524;0.13410479;2.09812804422;2.55916048898;1.71838007403667;0.172377546496667
6M0J-14325;6M0J;A:E;YE489V;298.15;32841599;2.15;6.001;37.889;31.888;True;Core;12.259;31.964;19.705;E;B;E;B;1.9;-1.184;1.41;0.55;2.36;0.18;1.158;-0.185;1.6502987;-0.296144;1.66057264637;2.36693606364;1.68981189106167;0.238632010606667
6M0J-14326;6M0J;A:E;YE489W;298.15;32841599;0.68;6.001;37.889;31.888;True;Core;5.673;44.824;39.151;E;B;E;B;0.414;1.659;0.4;0.13;0.84;1.41;0.283;1.057;0.5082481;1.1610372;1.84225741946;2.87179226891;0.714584253243333;1.38147157815167
6M0J-14384;6M0J;A:E;QE493A;298.15;32841599;-0.13;11.054;38.727;27.674;True;Core;17.211;20.974;3.763;E;B;E;B;0.69;-0.316;0.55;0.01;1.52;0.58;0.059;0.072;0.910086;-0.5627804;3.99990601433;1.17299247528;1.28816533572167;0.159368679213333
6M0J-14385;6M0J;A:E;QE493C;298.15;32841599;0.03;11.054;38.727;27.674;True;Core;6.126;28.371;22.245;E;B;E;B;0.578;0.019;0.57;-0.17;0.83;1.14;-0.275;-0.204;0.9206306;0.49702457;4.00613385944;1.60192493818;1.10496074324;0.480658251363333
6M0J-14386;6M0J;A:E;QE493D;298.15;32841599;1.57;11.054;38.727;27.674;True;Core;15.667;46.922;31.255;E;B;E;B;0.353;0.294;0.79;-0.19;1.46;0.34;0.474;0.636;0.9950164;1.2089638;5.47036591609;0.790221823102;1.59039705268167;0.513197603850333
6M0J-14387;6M0J;A:E;QE493E;298.15;32841599;0.56;11.054;38.727;27.674;True;Core;9.179;38.679;29.5;E;B;E;B;0.075;0.396;0.95;-0.29;1.36;0.16;0.059;0.922;0.8444939;1.1832409;3.11245884823;2.03824540134;1.06682545803833;0.734914383556667
6M0J-14388;6M0J;A:E;QE493F;298.15;32841599;-0.06;11.054;38.727;27.674;True;Core;6.619;36.642;30.023;E;B;E;B;0.181;1.007;-0.08;-0.05;0.1;1.9;-1.152;2.167;0.8795582;1.113707;1.76561849651;3.85569032605;0.282362782751667;1.66556622100833
6M0J-14389;6M0J;A:E;QE493G;298.15;32841599;-0.01;11.054;38.727;27.674;True;Core;18.079;18.079;0;E;B;E;B;0.6;0.704;0.97;-0.33;1.84;0.51;0.066;0.208;0.8790026;0.5219097;4.68741713694;1.85431814775;1.50706995615667;0.578037974625
6M0J-14390;6M0J;A:E;QE493H;298.15;32841599;0.01;11.054;38.727;27.674;True;Core;7.156;33.334;26.178;E;B;E;B;-0.25;0.686;0.09;0.25;0.42;1.02;-0.091;0.747;0.82906973;0.5774887;1.42321218873;2.82577022701;0.403546986455;1.01770982116833
6M0J-14391;6M0J;A:E;QE493I;298.15;32841599;0.08;11.054;38.727;27.674;True;Core;15.918;43.751;27.833;E;B;E;B;0.367;0.33;0.46;0.28;0.56;1.19;-0.483;0.945;0.86170065;0.7421349;2.43618689024;1.36496718117;0.70031459004;0.808683680195
6M0J-14392;6M0J;A:E;QE493K;298.15;32841599;-0.05;11.054;38.727;27.674;True;Core;5.368;26.705;21.337;E;B;E;B;0.807;1.326;0.08;-0.29;0.97;0.5;0.184;0.341;0.8380132;0.67872185;2.42769934459;5.07195958046;0.884452090765;1.27128023841
6M0J-14393;6M0J;A:E;QE493L;298.15;32841599;-0.05;11.054;38.727;27.674;True;Core;7.472;36.001;28.53;E;B;E;B;0.378;0.596;0.02;0.2;0.45;1.03;-1.124;2.135;0.8565403;0.81327;3.34086909788;1.85345278841;0.65356823298;1.104620464735
6M0J-14394;6M0J;A:E;QE493M;298.15;32841599;-0.18;11.054;38.727;27.674;True;Core;10.097;43.046;32.949;E;B;E;B;0.365;0.176;0.02;0.7;0.57;0.97;-1.048;1.977;0.92008007;0.9708537;2.44806774654;1.35385110272;0.545857969423333;1.02461746712
6M0J-14395;6M0J;A:E;QE493N;298.15;32841599;0.21;11.054;38.727;27.674;True;Core;6.974;32.569;25.595;E;B;E;B;-0.624;0.51;0.06;0.26;1.15;0.46;0.366;0.963;1.0210762;0.4917452;3.5822278903;1.54136416952;0.92588401505;0.704351561586667
6M0J-14396;6M0J;A:E;QE493P;298.15;32841599;0.72;11.054;38.727;27.674;True;Core;5.914;19.49;13.575;E;B;C;X;0.235;-0.019;1.12;-0.61;1.36;0.37;1.237;0.311;0.8744031;0.317672;4.2813191522;2.40811044;1.5179537087;0.46296374
6M0J-14397;6M0J;A:E;QE493R;298.15;32841599;0.09;11.054;38.727;27.674;True;Core;20.882;53.586;32.704;E;B;E;B;0.584;0.199;0.16;0.33;0.6;0.75;-0.49;0.622;0.9026823;0.8632839;2.24411672094;1.33499063537;0.666799836823333;0.683212422561667
6M0J-14398;6M0J;A:E;QE493S;298.15;32841599;0.18;11.054;38.727;27.674;True;Core;11.131;24.086;12.955;E;B;E;B;-0.655;-0.099;-0.1;0.18;2.02;0.41;0.409;0.024;0.87485385;0.5679839;4.59016643947;0.329193067054;1.18983671491167;0.235362827842333
6M0J-14399;6M0J;A:E;QE493T;298.15;32841599;0.08;11.054;38.727;27.674;True;Core;8.381;30.791;22.41;E;B;E;B;0.455;-0.139;0.28;0.08;1.1;0.77;-0.398;1.153;0.8640806;0.486467;4.03858073603;1.21793703496;1.05661022267167;0.594734005826667
6M0J-14400;6M0J;A:E;QE493V;298.15;32841599;-0.05;11.054;38.727;27.674;True;Core;9.91;33.262;23.351;E;B;E;B;0.395;-0.017;0.42;0.39;0.71;0.95;-0.425;-0.153;0.7048084;0.5794126;3.08414005335;1.48791235044;0.814824742225;0.539554158406667
6M0J-14401;6M0J;A:E;QE493W;298.15;32841599;0.14;11.054;38.727;27.674;True;Core;22.456;57.758;35.302;E;B;E;B;0.118;0.209;0.38;-1.05;-0.08;2.26;-1.297;1.91;0.7684579;1.4326818;0.924538124836;1.28895268856;0.135666004139333;1.00843908142667
6M0J-14402;6M0J;A:E;QE493Y;298.15;32841599;-0.12;11.054;38.727;27.674;True;Core;20.816;39.213;18.397;E;B;E;B;-0.026;0.263;-0.06;-0.17;0.15;1.26;-1.334;1.696;0.6947871;1.7307726;4.25875782994;0.90780536315;0.61392415499;0.947929660525
6M0J-14441;6M0J;A:E;GE496A;298.15;32841599;0.53;5.829;29.406;23.577;True;Core;8.707;30.428;21.72;C;X;C;X;0.497;-0.412;0.7;-0.85;0.63;0.4;0.811;0.393;0.6916549;0.51733726;0.862787887053;0.840201863856;0.698740464508833;0.148089853976
6M0J-14442;6M0J;A:E;GE496C;298.15;32841599;1.42;5.829;29.406;23.577;True;Core;9.264;35.045;25.781;C;X;C;X;1.164;-0.502;0.74;-0.51;0.02;1.41;0.552;0.588;0.50836504;1.0773754;0.90200563908;1.06714285051;0.647728446513333;0.521753041751667
6M0J-14443;6M0J;A:E;GE496D;298.15;32841599;2.21;5.829;29.406;23.577;True;Core;7.367;28.59;21.224;C;X;C;X;-1.025;-1.349;1.35;-1.25;0.8;0.78;1.362;0.026;0.70555764;1.091208;3.03129649183;1.11676097665;1.03730902197167;0.0691614961083333
6M0J-14444;6M0J;A:E;GE496E;298.15;32841599;2.33;5.829;29.406;23.577;True;Core;7.675;41.201;33.526;C;X;C;X;0.868;-1.189;1.53;-2.95;1.05;1.31;1.158;0.398;0.61493784;1.0013659;2.5276233552;2.8784239498;1.29142686586667;0.241464974966667
6M0J-14445;6M0J;A:E;GE496F;298.15;32841599;2.12;5.829;29.406;23.577;True;Core;5.339;28.524;23.184;C;X;C;X;0.404;1.001;1.41;-1.65;0.15;2.56;0.626;0.589;0.22370419;1.8907883;1.71020404949;6.36944622406;0.753984706581667;1.79337242067667
6M0J-14446;6M0J;A:E;GE496H;298.15;32841599;1.52;5.829;29.406;23.577;True;Core;5.614;31.875;26.26;C;X;C;X;0.433;-1.141;1.97;-1.4;0.33;1.97;1.949;0.417;0.39324757;1.5712458;2.04511509611;4.7491151434;1.18672711101833;1.0277268239
6M0J-14447;6M0J;A:E;GE496I;298.15;32841599;1.51;5.829;29.406;23.577;True;Core;8.288;34.879;26.591;C;X;C;X;1.14;-0.407;1.6;-1.01;0.41;1.64;0.815;0.472;0.5391194;1.1703582;0.825171589821;2.06303925805;0.888215164970167;0.654732909675
6M0J-14448;6M0J;A:E;GE496K;298.15;32841599;1.65;5.829;29.406;23.577;True;Core;6.987;39.441;32.455;C;X;C;X;1.42;-1.365;0.71;-0.67;1.12;1.58;1.133;-1.012;0.6828522;1.2228568;1.54565045834;5.14693669531;1.10191710972333;0.817132249218333
6M0J-14449;6M0J;A:E;GE496L;298.15;32841599;1.7;5.829;29.406;23.577;True;Core;5.744;19.151;13.407;C;X;C;X;1.171;-1.499;1.66;-1.51;0.58;1.34;0.364;1.167;0.5379259;1.6179885;1.08629321767;2.3926154174;0.899869852945;0.584767319566667
6M0J-14450;6M0J;A:E;GE496M;298.15;32841599;1.62;5.829;29.406;23.577;True;Core;6.512;23.916;17.404;C;X;C;X;1.067;-1.395;0.87;-1.46;0.4;1.55;0.191;0.928;0.20786577;1.187947;1.33207295207;3.35854805072;0.677989787011667;0.694915841786667
6M0J-14451;6M0J;A:E;GE496N;298.15;32841599;0.35;5.829;29.406;23.577;True;Core;5.343;26.098;20.755;C;X;C;X;1.165;-0.382;1.34;-0.73;0.67;1.01;1.628;0.538;0.60149443;1.0011542;5.45706597233;2.11290526781;1.810260067055;0.591676577968333
6M0J-14452;6M0J;A:E;GE496P;298.15;32841599;2.1;5.829;29.406;23.577;True;Core;10.077;40.705;30.628;C;X;C;X;1.277;-0.118;1.03;-1.08;1.11;0.97;2.002;-0.543;0.6936551;0.78269804;0.915038149778;1.54061321427;1.17128220829633;0.258718542378333
6M0J-14453;6M0J;A:E;GE496Q;298.15;32841599;1.58;5.829;29.406;23.577;True;Core;6.324;35.741;29.417;C;X;C;X;1.244;-0.609;0.65;-1.39;0.78;1.88;1.651;-0.525;0.8223592;0.87965584;2.67169314843;3.82699673816;1.303175391405;0.677108763026667
6M0J-14454;6M0J;A:E;GE496R;298.15;32841599;1.63;5.829;29.406;23.577;True;Core;6.904;32.213;25.31;C;X;C;X;1.371;-1.092;2.46;-1.38;0.71;1.84;0.701;-0.577;1.1327441;1.3727266;0.561091735269;6.09389895166;1.1559726392115;1.04293759194333
6M0J-14455;6M0J;A:E;GE496S;298.15;32841599;0.63;5.829;29.406;23.577;True;Core;11.333;37.222;25.889;C;X;C;X;0.978;-0.325;1.29;-1.19;0.44;1.43;0.735;0.057;0.529434;0.88175184;2.22420070493;0.970577287512;1.03277245082167;0.304054854585333
6M0J-14456;6M0J;A:E;GE496T;298.15;32841599;1.46;5.829;29.406;23.577;True;Core;7.092;33.154;26.062;C;X;C;X;1.136;-1.303;2.02;-1.78;0.41;1.51;0.2;0.772;0.5976851;1.1649265;1.29839916989;1.42362004487;0.943680711648333;0.297924424145
6M0J-14457;6M0J;A:E;GE496V;298.15;32841599;1.05;5.829;29.406;23.577;True;Core;7.856;31.492;23.636;C;X;C;X;0.908;-0.701;1.65;-1.27;0.22;1.29;0.534;0.506;0.7450601;1.1664299;1.82933904411;1.56196053796;0.981066524018333;0.425565072993333
6M0J-14458;6M0J;A:E;GE496W;298.15;32841599;1.63;5.829;29.406;23.577;True;Core;2.746;50.608;47.861;C;X;C;X;0.366;-0.637;1.15;-2.14;0.18;3.71;0.027;0.635;0.45426947;1.8242593;2.17300263567;4.03268970065;0.725045350945;1.23749150010833
6M0J-14459;6M0J;A:E;GE496Y;298.15;32841599;2;5.829;29.406;23.577;True;Core;5.736;34.824;29.088;C;X;C;X;0.27;1.332;2.19;-2.48;0.21;2.57;0.161;0.824;0.18149588;1.846618;4.08342078083;3.34175586821;1.182652776805;1.23906231136833
6M0J-14479;6M0J;A:E;QE498A;298.15;32841599;0.05;0.402;29.057;28.655;True;Core;7.264;16.475;9.211;C;X;C;X;1.436;-0.22;0.62;-0.16;0.75;0.97;0.243;0.621;1.2119024;-1.1612021;2.56727588512;2.01268542574;1.13802971418667;0.343747220956667
6M0J-14480;6M0J;A:E;QE498C;298.15;32841599;1.41;0.402;29.057;28.655;True;Core;0.897;21.795;20.898;C;X;C;X;1.109;0.722;-0.38;1.1;-0.38;2.42;-0.073;0.911;1.2192569;0.25856572;2.58833210404;1.74816941319;0.68059816734;1.193289188865
6M0J-14481;6M0J;A:E;QE498D;298.15;32841599;1.27;0.402;29.057;28.655;True;Core;2.617;29.743;27.125;C;X;C;X;0.964;1.02;1.24;-0.1;1.12;0.73;0.355;0.499;1.16259;0.97860014;4.5898929593;1.50903693349;1.57191382655;0.772772845581667
6M0J-14482;6M0J;A:E;QE498E;298.15;32841599;0.98;0.402;29.057;28.655;True;Core;0.406;28.689;28.283;C;X;C;X;0.998;1.395;0.37;-0.04;1.64;-0.3;0.243;0.694;0.81502444;1.0005153;4.85652031043;0.973591280784;1.48709079173833;0.620517763464
6M0J-14483;6M0J;A:E;QE498F;298.15;32841599;-0.15;0.402;29.057;28.655;True;Core;0.545;30.402;29.857;C;X;C;X;0.312;1.233;-1.64;0.85;-0.27;2.17;-0.637;2.055;1.1455045;1.1090918;1.33307595342;3.09558847898;0.0405967422366667;1.75211337983
6M0J-14484;6M0J;A:E;QE498G;298.15;32841599;0.61;0.402;29.057;28.655;True;Core;9.798;11.351;1.554;C;X;C;X;1.554;0.967;1.33;-0.68;0.98;0.61;0.328;-0.037;1.1299584;0.30330202;2.95393053666;1.23378138846;1.37931482277667;0.39951390141
6M0J-14485;6M0J;A:E;QE498H;298.15;32841599;-0.3;0.402;29.057;28.655;True;Core;0.459;30.919;30.459;C;X;C;X;0.53;1.035;0.33;0.38;0.26;1.2;0.124;1.422;0.90643847;0.5114825;0.0985529545965;2.14916856736;0.374831904099417;1.11627517789333
6M0J-14486;6M0J;A:E;QE498I;298.15;32841599;1.48;0.402;29.057;28.655;True;Core;2.293;25.211;22.918;C;X;C;X;0.968;0.19;-0.62;-0.76;-0.37;1.5;-0.377;1.583;1.098023;0.6010857;1.7734104443;2.10258396077;0.412072240716667;0.869444943461667
6M0J-14487;6M0J;A:E;QE498K;298.15;32841599;2.26;0.402;29.057;28.655;True;Core;0.955;42.109;41.155;C;X;C;X;1.48;1.109;-1.13;0.32;1.46;0.05;0.426;0.017;0.9728501;0.57657135;1.11964477827;2.1248759982;0.721415813045;0.699574558033333
6M0J-14488;6M0J;A:E;QE498L;298.15;32841599;1.58;0.402;29.057;28.655;True;Core;0.43;20.949;20.519;C;X;C;X;1.05;1.297;-0.8;1.92;-0.49;1.92;-1.025;2.241;1.100951;0.7155664;2.0403037835;3.61932650829;0.312709130583333;1.95214881804833
6M0J-14489;6M0J;A:E;QE498M;298.15;32841599;0.51;0.402;29.057;28.655;True;Core;0.825;30.842;30.017;C;X;C;X;1.005;1.077;-1.01;0.49;-0.28;1.57;-0.639;1.135;1.076082;0.862001;1.52095333702;2.30911862845;0.278839222836667;1.240519938075
6M0J-14490;6M0J;A:E;QE498N;298.15;32841599;0.5;0.402;29.057;28.655;True;Core;0.46;25.679;25.219;C;X;C;X;-1.161;0.911;0.3;0.72;0.8;0.95;0.375;0.302;1.1846628;0.4924614;4.00349509778;1.12128632001;0.917026316296667;0.749457953335
6M0J-14491;6M0J;A:E;QE498P;298.15;32841599;3.14;0.402;29.057;28.655;True;Core;3.03;21.175;18.145;C;X;C;X;1.938;1.219;0.87;0.07;1.26;0.16;1.415;-0.104;1.1739045;0.07395655;2.51680491649;1.7863158522;1.528951569415;0.534212067033333
6M0J-14492;6M0J;A:E;QE498R;298.15;32841599;0.06;0.402;29.057;28.655;True;Core;5.571;33.121;27.549;C;X;C;X;1.364;0.684;-0.01;-0.13;0.84;0.33;0.69;0.926;1.0664296;0.6918732;0.74387732081;1.81977912171;0.782384486801667;0.720275386951667
6M0J-14493;6M0J;A:E;QE498S;298.15;32841599;0.17;0.402;29.057;28.655;True;Core;5.594;17.981;12.387;C;X;C;X;1.223;0.73;0.7;-0.24;0.74;0.97;0.181;0.639;1.1714239;0.6642797;4.49876860936;1.50566259719;1.41903208489333;0.711490382865
6M0J-14494;6M0J;A:E;QE498T;298.15;32841599;0.67;0.402;29.057;28.655;True;Core;2.228;20.704;18.476;C;X;C;X;1.222;0.452;0.33;0.42;0.19;1.14;-0.664;1.109;1.1866248;0.6231976;3.00370709187;1.50145649242;0.878055315311667;0.87427568207
6M0J-14495;6M0J;A:E;QE498V;298.15;32841599;1.24;0.402;29.057;28.655;True;Core;2.848;21.265;18.418;C;X;C;X;0.946;0.273;0.59;-0.15;-0.01;1.09;-0.319;1.63;0.97411287;0.52495605;1.78575587767;1.97707384969;0.661144791278333;0.890838316615
6M0J-14496;6M0J;A:E;QE498W;298.15;32841599;-0.07;0.402;29.057;28.655;True;Core;0.252;31.827;31.575;C;X;C;X;0.558;0.66;0.55;-0.07;-0.25;2.36;-0.622;2.783;0.9644804;1.4435408;1.14456203402;6.21688953;0.39084040567;2.23223838833333
6M0J-14497;6M0J;A:E;QE498Y;298.15;32841599;-0.16;0.402;29.057;28.655;True;Core;0.352;29.019;28.667;C;X;C;X;-2.004;0.923;-1.74;0.75;-0.26;2.11;-0.861;2.254;0.9517083;1.7982129;3.77821759152;2.7983116813;-0.0225123514133333;1.77225409688333
6M0J-14517;6M0J;A:E;TE500A;298.15;32841599;0.56;20.724;84.854;64.13;True;Core;12.715;76.055;63.34;T;X;T;X;0.579;-0.636;0.72;0.45;1.62;0.72;1.706;0.03;0.857724;-0.8904729;1.31648825875;2.45434550783;1.133202043125;0.354645434638333
6M0J-14518;6M0J;A:E;TE500C;298.15;32841599;1.6;20.724;84.854;64.13;True;Core;15.615;77.134;61.519;T;X;T;X;0.656;-0.786;0.47;-0.35;1.57;0.69;1.591;0.443;0.9011892;0.115568966;1.33484800179;2.23928042502;1.087172866965;0.391974898503333
6M0J-14519;6M0J;A:E;TE500D;298.15;32841599;1.99;20.724;84.854;64.13;True;Core;18.789;83.486;64.697;T;X;T;X;0.531;-0.697;0.57;-0.55;1.08;0.53;2.063;-0.054;1.8822556;1.1713234;1.26120713626;1.16692540999;1.23124378937667;0.261208134998333
6M0J-14520;6M0J;A:E;TE500E;298.15;32841599;1.14;20.724;84.854;64.13;True;Core;28.27;95.524;67.255;T;X;T;X;0.657;-0.811;0.99;-0.53;1.93;-0.06;1.573;-0.006;1.4150788;1.6816362;1.50908467249;1.85154674993;1.34569391208167;0.354363824988333
6M0J-14521;6M0J;A:E;TE500F;298.15;32841599;0.98;20.724;84.854;64.13;True;Core;27.167;75.4;48.233;T;X;T;X;0.414;0.235;0.84;0.39;0.36;1.49;0.801;0.567;0.8205781;1.0382829;1.74814237099;1.36183818432;0.830620078498333;0.84702018072
6M0J-14522;6M0J;A:E;TE500G;298.15;32841599;0.93;20.724;84.854;64.13;True;Core;9.953;81.519;71.566;T;X;T;X;0.727;-0.39;0.6;-0.49;2.3;0.24;1.699;0.562;1.7759422;-0.26551282;1.75844815891;2.53871967087;1.476731726485;0.365867808478333
6M0J-14523;6M0J;A:E;TE500H;298.15;32841599;0.88;20.724;84.854;64.13;True;Core;21.945;75.017;53.072;T;X;T;X;0.244;-0.389;0.4;-0.1;0.91;1.18;1.464;0.006;0.78506655;1.486381;0.70660862389;2.92563732154;0.751612528981667;0.85150305359
6M0J-14524;6M0J;A:E;TE500I;298.15;32841599;2.3;20.724;84.854;64.13;True;Core;15.565;78.59;63.025;T;X;T;X;0.519;-1.261;0.69;-1.12;0.8;1.22;1.515;0.736;0.8429302;-0.32112408;0.97119340188;4.42558814493;0.88968726698;0.613244010821667
6M0J-14525;6M0J;A:E;TE500K;298.15;32841599;0.8;20.724;84.854;64.13;True;Core;19.392;72.051;52.659;T;X;T;X;0.492;-0.803;0.31;0.03;1.74;0.39;2.117;-0.36;1.051851;1.586647;2.13976244497;1.5030160584;1.30843557416167;0.391110509733333
6M0J-14526;6M0J;A:E;TE500L;298.15;32841599;1.52;20.724;84.854;64.13;True;Core;17.948;81.093;63.146;T;X;T;X;0.604;-0.439;0.61;0.18;0.4;1.97;0.588;0.804;0.9157047;0.033577323;0.896675756339;1.75443549847;0.669063409389833;0.717168803578333
6M0J-14527;6M0J;A:E;TE500M;298.15;32841599;0.75;20.724;84.854;64.13;True;Core;10.282;63.766;53.484;T;X;T;X;0.555;-0.551;0.28;0.5;0.46;1.61;0.94;1.298;0.66812843;0.5247801;1.11468444565;1.49726222924;0.669635479275;0.81317372154
6M0J-14528;6M0J;A:E;TE500N;298.15;32841599;1.2;20.724;84.854;64.13;True;Core;9.379;77.212;67.833;T;X;T;X;-0.751;-0.83;0.21;0.34;1.01;0.68;1.889;-0.6;1.4413903;0.8398423;1.88270652882;0.894092938083;0.947016138136667;0.220655873013833
6M0J-14529;6M0J;A:E;TE500P;298.15;32841599;1.12;20.724;84.854;64.13;True;Core;20.365;76.79;56.425;T;X;T;X;0.51;-0.494;0.33;0.64;1.75;0.06;2.925;-0.576;1.381501;-0.5513991;2.04123730953;1.52106923847;1.48962305158833;0.0999450230783333
6M0J-14530;6M0J;A:E;TE500Q;298.15;32841599;0.44;20.724;84.854;64.13;True;Core;21.098;76.103;55.005;T;X;T;X;0.582;-0.884;0.27;-0.2;1.47;0.83;1.817;-0.475;1.117473;1.0595362;2.31166707636;0.75390354016;1.26135667939333;0.180739956693333
6M0J-14531;6M0J;A:E;TE500R;298.15;32841599;1.12;20.724;84.854;64.13;True;Core;30.601;87.264;56.662;T;X;T;X;0.594;-0.613;0.49;-0.11;0.99;0.89;1.897;-0.63;1.315352;1.1966718;2.89186141959;4.31427185492;1.36303556993167;0.841323942486667
6M0J-14532;6M0J;A:E;TE500S;298.15;32841599;0.32;20.724;84.854;64.13;True;Core;13.928;82.488;68.559;T;X;T;X;-0.244;-0.754;0.38;0.44;1.38;0.65;2.063;0.321;1.0312401;0.5355514;1.87262010968;0.701300623395;1.08047670161333;0.315642003899167
6M0J-14533;6M0J;A:E;TE500V;298.15;32841599;1.89;20.724;84.854;64.13;True;Core;15.856;77.763;61.907;T;X;T;X;0.552;-1.192;0.49;-0.95;0.83;1.19;1.413;0.119;0.7303295;-0.07683188;1.15017298032;2.76640058716;0.860917080053333;0.30942811786
6M0J-14534;6M0J;A:E;TE500W;298.15;32841599;0.43;20.724;84.854;64.13;True;Core;25.293;77.609;52.316;T;X;T;X;0.34;0.295;1.25;0.13;0.05;2.1;0.643;0.896;0.98089266;1.9207035;1.63717036457;1.98062744611;0.816843837428333;1.22038849101833
6M0J-14535;6M0J;A:E;TE500Y;298.15;32841599;0.97;20.724;84.854;64.13;True;Core;30.581;76.834;46.253;T;X;T;X;0.255;0.363;1.03;0.38;0.09;1.41;0.742;1.122;0.8400685;2.3457885;1.19382281473;1.08812973569;0.691815219121667;1.11815303928167
6M0J-14536;6M0J;A:E;NE501A;298.15;32841599;0.06;2.72;22.231;19.511;True;Support;4.012;23.878;19.866;S;X;S;X;1.169;-0.19;-0.43;0.32;0.88;0.61;0.596;0.959;1.480524;0.30751523;0.871187736952;7.71117587608;0.761118622825333;1.61961518434667
6M0J-14537;6M0J;A:E;NE501C;298.15;32841599;0.58;2.72;22.231;19.511;True;Support;3.942;23.534;19.592;S;X;S;X;0.869;0.821;-0.16;-0.73;0.46;1;0.099;1.522;1.3530895;0.7799318;0.862976950267;4.28930735016;0.580677741711167;1.28037319169333
6M0J-14538;6M0J;A:E;NE501D;298.15;32841599;2.42;2.72;22.231;19.511;True;Support;2.739;25.604;22.866;S;X;S;X;0.642;1.401;0.97;0.27;0.8;0.4;0.926;0.732;1.308054;1.1598864;1.28413549418;2.39028527422;0.988364915696667;1.05886194570333
6M0J-14539;6M0J;A:E;NE501E;298.15;32841599;0.79;2.72;22.231;19.511;True;Support;3.296;21.953;18.657;S;X;S;X;0.851;1.268;0.5;-0.7;0.77;0.7;0.784;0.889;1.661728;1.5264593;1.7443716725;2.33035293869;1.05184994541667;1.00230203978167
6M0J-14540;6M0J;A:E;NE501F;298.15;32841599;-0.29;2.72;22.231;19.511;True;Support;2.855;27.293;24.438;S;X;S;X;0.689;-0.083;0.68;-1.94;-0.09;1.87;-0.26;1.895;1.3067443;1.0937548;3.06243216331;5.70006835569;0.898029410551667;1.422637192615
6M0J-14541;6M0J;A:E;NE501G;298.15;32841599;0.94;2.72;22.231;19.511;True;Support;8.421;29.91;21.488;S;X;S;X;0.967;0.66;0.7;-0.49;1.24;0.61;0.641;1.051;1.6369333;0.6300327;1.24999229442;3.72451949367;1.07248759907;1.03092536561167
6M0J-14542;6M0J;A:E;NE501H;298.15;32841599;0;2.72;22.231;19.511;True;Support;2.097;27.411;25.313;S;X;S;X;0.26;0.397;0.79;-1.48;0.33;1.42;0.525;1.832;1.1431253;0.75766104;1.15754422467;5.4356496119;0.700944920778333;1.39371844198333
6M0J-14543;6M0J;A:E;NE501I;298.15;32841599;0.08;2.72;22.231;19.511;True;Support;3.503;23.821;20.318;S;X;S;X;-1.246;0.021;0.81;-0.49;0.23;1.33;0.044;1.584;1.3016503;1.2126725;0.468530452429;4.30706184038;0.268030125404833;1.32745572339667
6M0J-14544;6M0J;A:E;NE501K;298.15;32841599;2.79;2.72;22.231;19.511;True;Support;2.457;15.428;12.972;S;X;S;X;1.268;0.259;0.86;-0.96;0.46;0.92;0.844;0.999;1.7134426;1.0794926;1.17823014997;3.83482251075;1.05394545832833;1.02205251845833
6M0J-14545;6M0J;A:E;NE501L;298.15;32841599;1.15;2.72;22.231;19.511;True;Support;2.364;13.831;11.466;S;X;S;X;0.922;0.297;-0.43;-1.31;0.06;1;-0.839;2.108;1.2136455;1.4901531;0.252428270408;5.06901692725;0.196512295068;1.44236167120833
6M0J-14546;6M0J;A:E;NE501M;298.15;32841599;0;2.72;22.231;19.511;True;Support;2.23;13.826;11.597;S;X;S;X;0.795;0.033;-0.04;-0.53;-0.18;1.54;-0.313;1.429;1.2559221;1.0933733;0.539827307458;3.47018995097;0.342958234576333;1.17259387516167
6M0J-14547;6M0J;A:E;NE501P;298.15;32841599;1.95;2.72;22.231;19.511;True;Support;3.618;23.599;19.981;S;X;S;X;1.04;0.405;0.78;-0.04;1.19;0.11;1.631;0.773;1.2119334;0.44474286;1.55822939252;3.75312522874;1.23519379875333;0.907644681456667
6M0J-14548;6M0J;A:E;NE501Q;298.15;32841599;0.06;2.72;22.231;19.511;True;Support;4.793;21.706;16.913;S;X;S;X;0.83;0.434;0.86;-0.52;0.56;0.81;0.776;0.941;1.3181887;1.0292041;2.61295096914;1.18840175951;1.15952327819;0.647100976585
6M0J-14549;6M0J;A:E;NE501R;298.15;32841599;2.08;2.72;22.231;19.511;True;Support;4.904;23.48;18.576;S;X;S;X;1.02;0.345;0.67;-0.41;0.43;1.09;1.07;0.831;1.4989302;0.6795305;1.30838033812;5.84018991044;0.999551756353334;1.39595340174
6M0J-14550;6M0J;A:E;NE501S;298.15;32841599;0.13;2.72;22.231;19.511;True;Support;5.1;21.532;16.433;S;X;S;X;0.882;0.839;-0.4;0.36;1.25;0.41;0.93;0.323;1.3807325;1.0670428;2.16099048366;1.39056199134;1.03395383061;0.731600798556667
6M0J-14551;6M0J;A:E;NE501T;298.15;32841599;-0.1;2.72;22.231;19.511;True;Support;2.557;20.69;18.133;S;X;S;X;-0.882;0.736;-0.61;0.62;0.42;0.78;-0.156;1.719;1.1676309;1.1931133;1.42609613014;1.71194095091;0.22762117169;1.126675708485
6M0J-14552;6M0J;A:E;NE501V;298.15;32841599;-0.15;2.72;22.231;19.511;True;Support;1.774;20.316;18.542;S;X;S;X;-0.27;-0.173;-0.13;-0.74;0.2;0.93;-0.028;1.321;1.2437243;1.0613635;0.327501970924;4.06040654605;0.223871045154;1.07662834100833
6M0J-14553;6M0J;A:E;NE501W;298.15;32841599;-0.11;2.72;22.231;19.511;True;Support;6.103;31.088;24.985;S;X;S;X;0.839;0.025;1.52;-1.92;-0.08;2.6;-0.845;3.046;1.2227498;1.8436906;0.408561932737;5.99049184658;0.5108852887895;1.93086374109667
6M0J-14554;6M0J;A:E;NE501Y;298.15;32841599;-0.24;2.72;22.231;19.511;True;Support;1.952;31.142;29.19;S;X;S;X;0.54;0.119;0.65;-2.37;-0.08;1.83;-0.169;1.973;1.4183998;1.9795355;5.58669532836;2.10456987661;1.32434918806;0.939350896101666
6M0J-14555;6M0J;A:E;GE502A;298.15;32841599;2.8;13.706;52.861;39.154;True;Core;13.586;54.867;41.282;C;X;C;X;0.768;-0.25;1.4;-1.21;1.21;0.8;1.179;0.199;0.6839982;0.63077134;1.14468645373;0.159260631195;1.06428077562167;0.0548386618658334
6M0J-14556;6M0J;A:E;GE502C;298.15;32841599;3.11;13.706;52.861;39.154;True;Core;21.754;61.259;39.505;C;X;C;X;1.163;-0.468;1.29;-1;0.91;0.98;0.849;0.503;0.21906868;1.277766;0.971014723695;0.858704163499;0.900347233949167;0.358578360583167
6M0J-14557;6M0J;A:E;GE502D;298.15;32841599;4.16;13.706;52.861;39.154;True;Core;21.205;53.554;32.348;C;X;C;X;0.968;-0.528;1.56;-1.92;1.38;0.48;1.587;-0.284;0.44296977;1.3975397;8.33131967288;0.905891706993;2.37821490714667;0.00857190116550005
6M0J-14558;6M0J;A:E;GE502E;298.15;32841599;4.67;13.706;52.861;39.154;True;Core;23.768;74.506;50.738;C;X;C;X;1.011;-1.072;1.36;-2.55;2.16;0.22;1.509;-0.721;0.42197672;1.9175313;7.85771627959;3.47826575528;2.38661549993167;0.212132842546667
6M0J-14559;6M0J;A:E;GE502F;298.15;32841599;4.8;13.706;52.861;39.154;True;Core;32.199;64.986;32.787;C;X;C;X;0.994;-0.568;1.05;-1.46;-0.51;1.88;0.043;1.026;0.017655432;2.0196989;1.04798964125;5.10336760431;0.440440845541667;1.33351108405167
6M0J-14560;6M0J;A:E;GE502H;298.15;32841599;4.47;13.706;52.861;39.154;True;Core;30.537;67.997;37.461;C;X;C;X;0.914;-0.513;0.91;-1.63;0.04;1.41;0.974;0.195;-0.1425165;1.9577202;0.963508548381;0.406404178163;0.6098320080635;0.304354063027167
6M0J-14561;6M0J;A:E;GE502I;298.15;32841599;4.66;13.706;52.861;39.154;True;Core;22.418;63.779;41.361;C;X;C;X;1.291;0.473;0.76;-1.55;0.87;1.61;0.978;0.517;0.7177917;1.5649577;0.982367440486;5.68163590729;0.933193190081;1.382765601215
6M0J-14562;6M0J;A:E;GE502K;298.15;32841599;4.16;13.706;52.861;39.154;True;Core;31.684;71.691;40.007;C;X;C;X;1.229;-0.814;0.98;-1.27;1.24;0.66;2.299;-0.044;0.5514783;1.7679112;3.63528083495;-0.233020657341;1.65579318915833;0.0111484237765
6M0J-14563;6M0J;A:E;GE502L;298.15;32841599;4.8;13.706;52.861;39.154;True;Core;21.445;61.854;40.409;C;X;C;X;1.304;-0.49;1;-1.57;0.51;2.25;-0.198;1.027;0.7028574;1.9475256;1.5373401574;3.25857295341;0.809366259566667;1.07051642556833
6M0J-14564;6M0J;A:E;GE502M;298.15;32841599;4.8;13.706;52.861;39.154;True;Core;25.203;58.619;33.416;C;X;C;X;1.185;-0.431;1.04;-1.19;0.41;1.86;0.065;0.986;0.07506052;1.5289408;1.06715914846;0.552785022316;0.640369944743333;0.551120970386
6M0J-14565;6M0J;A:E;GE502N;298.15;32841599;4.38;13.706;52.861;39.154;True;Core;21.067;53.423;32.356;C;X;C;X;0.916;-0.354;1.12;-1.35;1.05;1.12;1.666;-0.26;0.2135731;1.5185068;7.75147110813;2.09763390255;2.11950736802167;0.462023450425
6M0J-14566;6M0J;A:E;GE502P;298.15;32841599;4.55;13.706;52.861;39.154;True;Core;10.09;44.726;34.636;C;X;C;X;-0.939;-1.307;2.15;-2.06;0.97;1.14;3.721;-0.727;0.56381994;0.9293035;2.13177664623;2.27107853863;1.43293276437167;0.041063673105
6M0J-14567;6M0J;A:E;GE502Q;298.15;32841599;4.68;13.706;52.861;39.154;True;Core;26.102;72.209;46.107;C;X;C;X;1.037;-1.15;0.49;-1.25;1.2;0.9;2.204;-0.286;0.5918335;1.5295168;4.5339432551;1.34167212002;1.67612945918333;0.180864820003333
6M0J-14568;6M0J;A:E;GE502R;298.15;32841599;4.8;13.706;52.861;39.154;True;Core;35.442;61.342;25.9;C;X;C;X;1.309;-0.767;0.86;-1.24;0.65;0.73;1.953;-0.1;1.0874047;2.0700517;2.63894405544;0.651229068371;1.41639145924;0.2240467947285
6M0J-14569;6M0J;A:E;GE502S;298.15;32841599;2.7;13.706;52.861;39.154;True;Core;22.453;64.265;41.812;C;X;C;X;0.606;-0.351;1.27;-1.17;1.23;0.6;1.591;0.094;0.36492354;1.2700397;4.30208238203;0.653705153043;1.56066765367167;0.1827908088405
6M0J-14570;6M0J;A:E;GE502T;298.15;32841599;4.8;13.706;52.861;39.154;True;Core;17.611;55.996;38.385;C;X;C;X;1.143;-1.086;1.19;-1.58;1.09;1.13;1.169;0.455;0.31528568;1.8929164;5.00557678065;0.775787419898;1.65214374344167;0.264617303316333
6M0J-14571;6M0J;A:E;GE502V;298.15;32841599;4.8;13.706;52.861;39.154;True;Core;17.042;54.866;37.824;C;X;C;X;1.1;-1.404;1.04;-1.73;0.99;1.17;0.732;0.301;0.72997475;1.516534;3.67051307693;0.681617930201;1.37708130448833;0.0891919883668333
6M0J-14572;6M0J;A:E;GE502W;298.15;32841599;4.8;13.706;52.861;39.154;True;Core;23.202;65.512;42.31;C;X;C;X;0.911;-0.644;1.27;-1.23;-0.49;3.51;-0.116;1.689;0.08793551;2.2362084;0.61903751317;5.45286006031;0.380328837195;1.83567807671833
6M0J-14573;6M0J;A:E;GE502Y;298.15;32841599;4.8;13.706;52.861;39.154;True;Core;35.564;68.716;33.152;C;X;C;X;0.901;0.982;0.99;-1.38;-0.28;1.34;0.103;1.096;-0.18850863;2.3681586;2.21193740669;1.38328313034;0.622904796115;0.964906955056667
6M0J-14574;6M0J;A:E;VE503A;298.15;32841599;0.06;46.525;52.628;6.103;True;Rim;41.106;45.236;4.13;G;A;T;X;0.07;-0.54;0.19;-0.17;0.34;0.19;0.297;0.191;1.1346354;-0.11654186;0.885117322131;1.00438651326;0.4861254536885;0.0931407755433333
6M0J-14575;6M0J;A:E;VE503C;298.15;32841599;0.06;46.525;52.628;6.103;True;Rim;45.603;57.368;11.765;G;A;T;X;0.058;-0.205;0.1;0.01;0.42;-0.05;0.297;0.208;0.7441789;0.31118983;0.892396085332;0.0901467697677;0.418595830888667;0.06072276662795
6M0J-14576;6M0J;A:E;VE503D;298.15;32841599;0.07;46.525;52.628;6.103;True;Rim;58.029;58.029;0;G;A;T;X;0.107;-0.142;0.27;-0.39;0.08;0.17;0.297;0;1.3214948;0.8417904;1.8352960124;1.24067872705;0.651798468733333;0.286744854508333
6M0J-14577;6M0J;A:E;VE503E;298.15;32841599;0.2;46.525;52.628;6.103;True;Rim;58.096;75.4;17.304;G;A;T;X;0.036;-0.284;0.07;-0.24;0.42;0.35;0.338;0.185;0.7589098;0.7967075;2.14650819575;1.23238301277;0.628236332625;0.340015085461667
6M0J-14578;6M0J;A:E;VE503F;298.15;32841599;0.01;46.525;52.628;6.103;True;Rim;58.275;61.233;2.958;G;A;T;X;-0.263;-0.158;0.09;0.08;0.45;0.01;0.069;0.154;-0.12316662;1.3050544;0.812052556341;1.57822921379;0.172480989390167;0.494880602298333
6M0J-14579;6M0J;A:E;VE503G;298.15;32841599;0.16;46.525;52.628;6.103;True;Rim;38.707;42.106;3.399;G;A;T;X;0.259;-0.308;0.28;-0.54;0.41;0.18;0.297;-0.105;1.4032693;0.3922045;0.968340830578;0.502003508523;0.602935021763;0.0202013347538333
6M0J-14580;6M0J;A:E;VE503H;298.15;32841599;0.07;46.525;52.628;6.103;True;Rim;43.822;67.993;24.171;G;A;T;X;-0.03;-0.323;0.14;-0.14;0.16;0.47;0.3;0.254;0.82574505;0.9628005;0.511084052667;0.229496661559;0.3178048504445;0.242216193593167
6M0J-14581;6M0J;A:E;VE503I;298.15;32841599;-0.05;46.525;52.628;6.103;True;Rim;59.916;62.883;2.967;G;A;T;X;-0.295;-0.451;0.13;0.16;0.29;-0.05;0.26;-0.153;0.4167149;0.6549896;0.765758770387;0.556528971828;0.261245611731167;0.119586428638
6M0J-14582;6M0J;A:E;VE503K;298.15;32841599;-0.1;46.525;52.628;6.103;True;Rim;61.42;63.404;1.985;G;A;T;X;-0.006;-0.145;0.11;-0.03;0.39;0.17;-0.088;-0.044;0.870652;1.0965111;0.964148785386;0.51029631896;0.373466797564333;0.259634569826667
6M0J-14583;6M0J;A:E;VE503L;298.15;32841599;-0.03;46.525;52.628;6.103;True;Rim;47.205;60.804;13.599;G;A;T;X;0.147;-0.244;0.06;-0.09;0.26;0.27;0.287;0.185;0.42450428;0.9670862;1.24113809968;0.41811222099;0.403273729946667;0.251033070165
6M0J-14584;6M0J;A:E;VE503M;298.15;32841599;-0.1;46.525;52.628;6.103;True;Rim;58.849;60.586;1.737;G;A;T;X;0.06;-0.214;0.01;0.15;0.28;-0.09;0.157;0.215;0.1814956;0.9680713;0.75673067377;0.610932704409;0.240871045628333;0.273334000734833
6M0J-14585;6M0J;A:E;VE503N;298.15;32841599;0.08;46.525;52.628;6.103;True;Rim;45.474;65.879;20.405;G;A;T;X;0.089;-0.348;0.14;-0.08;0.12;0.12;0.3;-0.163;1.0560086;0.7680939;1.70630370478;0.552796535732;0.568552050796667;0.141648405955333
6M0J-14586;6M0J;A:E;VE503P;298.15;32841599;0.88;46.525;52.628;6.103;True;Rim;50.089;63.835;13.746;G;A;T;X;0.856;-0.353;-0.22;-0.07;0.04;0.2;0.287;-0.785;1.3216054;0.15782973;0.953151806108;1.05726740178;0.539626201018;0.03451618863
6M0J-14587;6M0J;A:E;VE503Q;298.15;32841599;0.01;46.525;52.628;6.103;True;Rim;67.323;75.075;7.752;G;A;T;X;0.042;-0.194;0.07;-0.24;0.36;0.06;0.314;0.202;0.8346245;0.6391629;2.23164730655;0.326938413255;0.642045301091667;0.132350218875833
6M0J-14588;6M0J;A:E;VE503R;298.15;32841599;-0.01;46.525;52.628;6.103;True;Rim;68.955;68.955;0;G;A;T;X;0.186;-0.14;0.12;0.08;0.17;0.14;-0.003;0;0.87638664;0.93360114;1.7380802761;0.754106304622;0.51457781935;0.294617907437
6M0J-14589;6M0J;A:E;VE503S;298.15;32841599;0.64;46.525;52.628;6.103;True;Rim;48.968;52.695;3.727;G;A;T;X;0.074;-0.093;0.14;-0.08;0.09;0.14;0.297;-0.01;0.6200426;0.27168673;0.958510921648;0.687642816332;0.363258920274667;0.152721591055333
6M0J-14590;6M0J;A:E;VE503T;298.15;32841599;1.08;46.525;52.628;6.103;True;Rim;50.156;63.273;13.117;G;A;T;X;-0.056;-0.222;0.13;0.15;0.11;0.09;0.3;0.075;0.78280723;0.7058443;2.06591481436;1.26948522831;0.55545367406;0.344721588051667
6M0J-14591;6M0J;A:E;VE503W;298.15;32841599;0.09;46.525;52.628;6.103;True;Rim;52.579;54.036;1.456;G;A;T;X;-0.336;0.079;0.11;-0.12;0.14;0.25;0.113;0.208;0.32679343;1.6087477;0.654344378366;1.51196472933;0.168022968061;0.589618738221667
6M0J-14592;6M0J;A:E;VE503Y;298.15;32841599;0.01;46.525;52.628;6.103;True;Rim;56.73;57.057;0.328;G;A;T;X;-0.323;-0.115;0.13;-0.16;0.44;0.17;0.106;0.202;-0.13672894;1.8548028;2.00952856071;0.621693192068;0.370966603451667;0.428915998678
6M0J-14612;6M0J;A:E;YE505A;298.15;32841599;2.43;13.179;52.84;39.661;True;Core;5.718;21.66;15.942;G;A;T;X;1.36;-1.745;1.14;-0.33;1.78;0.26;2.576;0.558;2.540314;-0.20630682;3.69258953433;6.66126353025;2.18148392238833;0.866326118375
6M0J-14613;6M0J;A:E;YE505C;298.15;32841599;2.36;13.179;52.84;39.661;True;Core;11.995;36.963;24.969;G;A;G;A;1.151;-1.272;0.81;0.86;1.83;0.82;2.205;0.252;1.6384425;0.49215248;3.72075389266;5.7563741226;1.89253273211;1.15142110043333
6M0J-14614;6M0J;A:E;YE505D;298.15;32841599;3.07;13.179;52.84;39.661;True;Core;10.088;39.481;29.393;G;A;G;A;1.569;-1.796;1.99;1.03;1.74;0.65;2.787;-0.78;1.9536296;0.52811706;6.8336346743;2.51943447317;2.81221071238333;0.358591922195
6M0J-14615;6M0J;A:E;YE505E;298.15;32841599;3.17;13.179;52.84;39.661;True;Core;14.551;43.314;28.763;G;A;T;X;1.436;-1.562;1.59;0.73;1.85;-0.02;2.508;-0.276;1.4054677;0.5809876;4.76860125068;1.82145515385;2.25967815844667;0.212407125641667
6M0J-14616;6M0J;A:E;YE505F;298.15;32841599;0.15;13.179;52.84;39.661;True;Core;15.196;48.928;33.732;G;A;T;X;0.267;-0.942;0.38;1.57;0.86;0.62;1.058;0.898;0.58932126;0.64477926;1.57084666768;1.75179344833;0.787527987946667;0.757095451388333
6M0J-14617;6M0J;A:E;YE505G;298.15;32841599;4.65;13.179;52.84;39.661;True;Core;13.866;24.551;10.685;G;A;T;X;1.539;-1.138;1.12;0.5;2.51;0.01;2.672;-0.095;2.3095074;0.49804226;4.54813386944;7.75593563264;2.44977354490667;1.25516298210667
6M0J-14618;6M0J;A:E;YE505H;298.15;32841599;0.71;13.179;52.84;39.661;True;Core;16.468;49.287;32.819;G;A;T;X;1.032;-1.964;0.59;0.13;1.09;0.56;2.399;-0.13;1.1497341;0.4090229;3.60960258218;7.75104981307;1.64505611369667;1.126012118845
6M0J-14619;6M0J;A:E;YE505I;298.15;32841599;3.19;13.179;52.84;39.661;True;Core;9.817;35.463;25.645;G;A;T;X;1.228;-1.796;1.06;-0.1;1.45;0.37;1.759;1.681;1.8851318;0.3668384;3.35432204794;5.80054394365;1.78940897465667;1.05373039060833
6M0J-14620;6M0J;A:E;YE505K;298.15;32841599;2.71;13.179;52.84;39.661;True;Core;7.378;22.631;15.253;G;A;T;X;1.315;-1.984;1.3;-0.77;1.82;0.15;2.776;-0.861;1.5011292;0.5892869;4.08950392266;7.58644965461;2.13360552044333;0.785122759101667
6M0J-14621;6M0J;A:E;YE505L;298.15;32841599;2.51;13.179;52.84;39.661;True;Core;17.466;43.929;26.463;G;A;T;X;1.266;-1.317;1.1;0.44;1.24;0.49;1.09;0.944;1.5485741;0.3531013;2.75751210394;3.73086706427;1.50034770065667;0.773494727378333
6M0J-14622;6M0J;A:E;YE505M;298.15;32841599;2.32;13.179;52.84;39.661;True;Core;19.901;47.568;27.667;G;A;T;X;1.361;-1.609;0.92;0.6;1.14;0.81;1.38;0.588;1.296407;0.4346502;3.01741651398;6.09300462043;1.51913725233;1.152775803405
6M0J-14623;6M0J;A:E;YE505N;298.15;32841599;2;13.179;52.84;39.661;True;Core;11.127;33.323;22.196;G;A;T;X;1.037;-0.994;1.58;0.85;1.54;0.8;2.814;-0.409;1.8219687;0.65675455;7.01533459916;2.37365126978;2.63471721652667;0.546234303296667
6M0J-14624;6M0J;A:E;YE505P;298.15;32841599;4.09;13.179;52.84;39.661;True;Core;7.167;27.792;20.625;G;A;T;X;2.313;-1.377;1.46;-0.23;1.94;0.13;3.758;-1.22;2.9069357;0.4540764;4.32240116102;6.33405215576;2.78338947683667;0.681854759293333
6M0J-14625;6M0J;A:E;YE505Q;298.15;32841599;2.29;13.179;52.84;39.661;True;Core;12.532;35.133;22.601;G;A;G;A;1.362;-1.286;1.67;0.02;1.24;0.32;2.81;-0.424;1.5282112;0.42474636;7.47256117579;6.00724724608;2.68046206263167;0.843665601013333
6M0J-14626;6M0J;A:E;YE505R;298.15;32841599;2.47;13.179;52.84;39.661;True;Core;21.308;53.107;31.799;G;A;T;X;1.297;-2.584;1.14;1.09;1.09;0.61;2.477;-0.637;1.3118143;0.7547019;6.06200990956;7.45813759377;2.22963736826;1.115306582295
6M0J-14627;6M0J;A:E;YE505S;298.15;32841599;2.37;13.179;52.84;39.661;True;Core;9.99;34.488;24.498;G;A;G;A;1.265;-1.359;1.51;-0.37;1.8;0.79;2.988;-0.801;1.8143231;0.30439788;5.74318559205;1.81927845729;2.52008478200833;0.063946056215
6M0J-14628;6M0J;A:E;YE505T;298.15;32841599;3.46;13.179;52.84;39.661;True;Core;8.746;34.816;26.069;G;A;T;X;1.179;-1.483;1.31;1.5;1.71;0.98;2.14;1.05;1.7066427;0.3970003;3.81980475992;1.15530505541;1.97757457665333;0.599884225901667
6M0J-14629;6M0J;A:E;YE505V;298.15;32841599;2.46;13.179;52.84;39.661;True;Core;9.391;29.963;20.572;G;A;T;X;1.353;-1.336;1.67;-1.35;1.95;0.45;1.758;-0.29;1.6748917;0.01403138;3.46354036402;3.81183158086;1.97823867733667;0.21664382681
6M0J-14630;6M0J;A:E;YE505W;298.15;32841599;-0.13;13.179;52.84;39.661;True;Core;21.921;53.637;31.716;G;A;T;X;0.465;-0.806;0.49;1.04;0.13;1.37;1.05;0.695;0.6253765;1.1073136;1.38759433121;2.72118164554;0.691328471868333;1.02124920759
