Entry;PDB;Interacting Chains;Mutation(s);Mutation(s)_in_raw_pdb;Temperature;DDGb_SK2;DDGb_paper
1;1CSE;E:I;LI38G;LI45G;294;2.249;2.249
2;1CSE;E:I;LI38S;LI45S;294;1.172;1.172
3;1CSE;E:I;LI38P;LI45P;294;6.672;6.672
4;1CSE;E:I;LI38I;LI45I;294;2.941;2.941
5;1CSE;E:I;LI38D;LI45D;294;4.351;4.351
6;1CSE;E:I;LI38E;LI45E;294;2.35;2.35
7;1ACB;E:I;LI38G;LI45G;294;6.033;6.033
8;1ACB;E:I;LI38S;LI45S;294;4.951;4.951
9;1ACB;E:I;LI38P;LI45P;294;6.853;6.853
10;1ACB;E:I;LI38I;LI45I;294;4.231;4.231
11;1ACB;E:I;LI38D;LI45D;294;6.772;6.772
12;1ACB;E:I;LI38E;LI45E;294;6.554;6.554
15,54;1TM1;E:I;YI42A;YI61A;298;2.58;2.58
16;1TM1;E:I;YI42G;YI61G;298;4.679;4.679
17,41;1TM1;E:I;RI46A;RI65A;298;3.416;3.416
18,42;1TM1;E:I;RI48A;RI67A;298;3.01;3.01
19;1TM1;E:I;RI48C;RI67C;298;3.234;3.234
21;1TM1;E:I;TI39D;TI58D;298;2.098;2.098
22,35;1TM1;E:I;TI39A;TI58A;298;2.649;2.649
23,37;1TM1;E:I;EI41A;EI60A;298;2.988;2.988
26;1TM1;E:I;VI51A;VI70A;298;0.025;0.025
36;1TM1;E:I;TI39P;TI58P;298;3.754;3.754
38;1TM1;E:I;EI41S;EI60S;298;2.747;2.747
40;1TM1;E:I;RI43A;RI62A;298;1.256;1.256
49;1TM1;E:I;MI40G;MI59G;298;2.232;2.232
50;1TM1;E:I;MI40A;MI59A;298;1.027;1.027
51;1TM1;E:I;MI40K;MI59K;298;1.093;1.093
52;1TM1;E:I;MI40Y;MI59Y;298;0.056;0.056
53;1TM1;E:I;MI40F;MI59F;298;1.027;1.027
55;2SIC;E:I;MI67E;MI73E;298;0.796;0.796
56;2SIC;E:I;MI67D;MI73D;298;0.751;0.751
57;2SIC;E:I;MI67H;MI73H;298;0.218;0.218
58;2SIC;E:I;MI67K;MI73K;298;0;0
59;2SIC;E:I;MI67R;MI73R;298;0;0
60;2SIC;E:I;MI67G;MI73G;298;0.145;0.145
61;2SIC;E:I;MI67A;MI73A;298;0.218;0.218
62;2SIC;E:I;MI67L;MI73L;298;-0.24;-0.24
63;2SIC;E:I;MI67V;MI73V;298;0.713;0.713
64;2SIC;E:I;MI67I;MI73I;298;1.604;1.604
65;1IAR;A:B;IA5A;IA5A;298;1.171;1.171
66;1IAR;A:B;IA5R;IA5R;298;0.796;0.796
67;1IAR;A:B;TA6A;TA6A;298;-0.104;-0.104
68;1IAR;A:B;TA6D;TA6D;298;1.392;1.392
69;1IAR;A:B;QA8A;QA8A;298;-0.022;-0.022
70;1IAR;A:B;QA8R;QA8R;298;0.039;0.039
71;1IAR;A:B;EA9Q;EA9Q;298;3.111;3.111
74;1IAR;A:B;IA11A;IA11A;298;0.069;0.069
75;1IAR;A:B;KA12S;KA12S;298;-0.015;-0.015
76;1IAR;A:B;KA12E;KA12E;298;0.139;0.139
77;1IAR;A:B;TA13A;TA13A;298;0.978;0.978
78;1IAR;A:B;TA13D;TA13D;298;-0.219;-0.219
79;1IAR;A:B;NA15A;NA15A;298;-0.034;-0.034
80;1IAR;A:B;NA15D;NA15D;298;-0.078;-0.078
81;1IAR;A:B;SA16A;SA16A;298;-0.183;-0.183
82;1IAR;A:B;SA16D;SA16D;298;-0.104;-0.104
83;1IAR;A:B;EA19A;EA19A;298;-0.32;-0.32
84;1IAR;A:B;EA19R;EA19R;298;-0.117;-0.117
85;1IAR;A:B;RA53Q;RA53Q;298;0.835;0.835
86;1IAR;A:B;KA77A;KA77A;298;0.154;0.154
87;1IAR;A:B;KA77E;KA77E;298;0.612;0.612
88;1IAR;A:B;QA78A;QA78A;298;0.125;0.125
89;1IAR;A:B;QA78E;QA78E;298;0.245;0.245
90;1IAR;A:B;RA81A;RA81A;298;0.479;0.479
91;1IAR;A:B;RA81E;RA81E;298;1.461;1.461
92;1IAR;A:B;FA82A;FA82A;298;-0.086;-0.086
93;1IAR;A:B;FA82D;FA82D;298;-0.58;-0.58
94;1IAR;A:B;KA84A;KA84A;298;0.345;0.345
95;1IAR;A:B;KA84D;KA84D;298;1.879;1.879
96;1IAR;A:B;RA85A;RA85A;298;0.427;0.427
97;1IAR;A:B;RA85E;RA85E;298;1.224;1.224
98;1IAR;A:B;RA88Q;RA88Q;298;2.828;2.828
100;1IAR;A:B;RA88A;RA88A;298;3.753;3.753
101;1IAR;A:B;NA89A;NA89A;298;1.558;1.558
103;1IAR;A:B;WA91A;WA91A;298;0.729;0.729
104;1IAR;A:B;WA91D;WA91D;298;1.306;1.306
105,193,202;1BRS;A:D;KA25A;KA27A;298;5.124;5.124
106,170,197,206;1BRS;A:D;RA57A;RA59A;298;4.986;4.986
107;1BRS;A:D;RA81Q;RA83Q;298;5.418;5.418
108,200;1BRS;A:D;RA85A;RA87A;298;5.756;5.756
109,174,201,209;1BRS;A:D;HA100A;HA102A;298;6.344;6.344
110;1BRS;A:D;YD29F;YD29F;298;-0.132;-0.132
111;1BRS;A:D;YD29A;YD29A;298;3.469;3.469
112,187;1BRS;A:D;DD35A;DD35A;298;4.284;4.284
113;1BRS;A:D;WD38F;WD38F;298;1.642;1.642
114,188;1BRS;A:D;DD39A;DD39A;298;6.79;6.79
115;1BRS;A:D;TD42A;TD42A;298;1.857;1.857
116;1BRS;A:D;WD44F;WD44F;298;0.056;0.056
117,189;1BRS;A:D;ED74A;ED76A;298;1.094;1.094
118,190;1BRS;A:D;ED78A;ED80A;298;0.477;0.477
153;1BRS;A:D;EA71Q;EA73Q;298;1.451;1.451
156;1BRS;A:D;EA71W;EA73W;298;1.657;1.657
160;1BRS;A:D;EA71Y;EA73Y;298;2.413;2.413
161;1BRS;A:D;EA71F;EA73F;298;2.234;2.234
164;1BRS;A:D;EA71C;EA73C;298;2.528;2.528
165;1BRS;A:D;EA71S;EA73S;298;3.009;3.009
166,199,208;1BRS;A:D;EA71A;EA73A;298;2.352;2.352
169;1BRS;A:D;RA57K;RA59K;298;2.487;2.487
171;1BRS;A:D;HA100Q;HA102Q;298;4.549;4.549
172;1BRS;A:D;HA100D;HA102D;298;4.549;4.549
173;1BRS;A:D;HA100G;HA102G;298;6.818;6.818
175;1BRS;A:D;HA100L;HA102L;298;7.663;7.663
194,203;1BRS;A:D;WA33F;WA35F;298;1.26;1.26
195,204;1BRS;A:D;DA52A;DA54A;298;-0.528;-0.528
196,205;1BRS;A:D;NA56A;NA58A;298;3.09;3.09
198,207;1BRS;A:D;EA58A;EA60A;298;0.094;0.094
210,223;1SBB;A:B;LB20T;LB20T;298;-0.1;-0.091
211,224;1SBB;A:B;VB26Y;VB26Y;298;-1.18;-1.455
212,225;1SBB;A:B;YB91V;YB91V;298;0.085;0.079
214,227;1JCK;A:B;TB20A;TB20A;298;1.488;1.654
216,229;1JCK;A:B;YB26A;YB26A;298;1.76;1.774
217,230;1JCK;A:B;NB60A;NB60A;298;1.328;1.642
218,231;1JCK;A:B;YB90A;YB90A;298;2.336;2.595
219,232;1JCK;A:B;VB91A;VB91A;298;2.081;2.232
220,234;1JCK;A:B;KB103A;KB103A;298;0.403;0.676
221,235;1JCK;A:B;FB176A;FB176A;298;1.96;2.133
237;1GCQ;AB:C;PC5A;PC595A;298;0.767;0.767
238;1GCQ;AB:C;AC42G;AC632G;298;1.353;1.353
239;1GCQ;AB:C;WC47Y;WC637Y;298;2.146;2.146
240;1GCQ;AB:C;PC67A;PC657A;298;1.316;1.316
241;1GCQ;AB:C;PC18A;PC608A;298;0.121;0.121
242;1GCQ;AB:C;PC19A;PC609A;298;0.085;0.085
243;1GCQ;AB:C;GC21V;GC611V;298;-0.025;-0.025
244;1E96;A:B;NA26H;NA26H;293;1.086;1.086
245;1E96;A:B;IA33N;IA33N;293;2.008;2.008
246;1E96;A:B;DA38N;DA38N;293;2.164;2.164
247;1E96;A:B;MA45T;MA45T;293;0.36;0.36
248;1E96;A:B;KA132E;KA132E;293;-0.187;-0.187
249;1E96;A:B;LA134R;LA134R;293;-0.125;-0.125
250;1AK4;A:D;PD85A;PD485A;298;1.085;2.449
251;1AK4;A:D;VD86A;VD486A;298;0.991;2.355
252;1AK4;A:D;HD87A;HD487A;298;1.01;2.373
253;1AK4;A:D;HD87Q;HD487Q;298;0.973;2.336
254;1AK4;A:D;HD87R;HD487R;298;1.645;3.009
255;1AK4;A:D;AD88V;AD488V;298;0.769;2.133
256;1AK4;A:D;AD88G;AD488G;298;2.654;4.017
257;1AK4;A:D;GD89A;GD489A;298;2.077;3.44
258;1AK4;A:D;GD89V;GD489V;298;3.03;4.393
259;1AK4;A:D;PD90A;PD490A;298;2.172;3.536
261;1AK4;A:D;ID91A;ID491A;298;0.24;1.604
262;1AK4;A:D;ID91V;ID491V;298;0;1.364
263;1AK4;A:D;AD92G;AD492G;298;0.581;1.944
264;1AK4;A:D;AD92V;AD492V;298;0.359;1.723
265;1AK4;A:D;PD93A;PD493A;298;0.683;2.046
268;2B42;A:B;HA357A;HA374A;295;1.621;1.621
269;2B42;A:B;HA357Q;HA374Q;295;1.065;1.065
270;2B42;A:B;HA357K;HA374K;295;2.541;2.541
271;2I26;L:N;AN29V;AN30V;298;0.03;0.03
272;2I26;L:N;SN60R;SN61R;298;-0.626;-0.626
273;2HLE;A:B;KA141Q;KA149Q;298;-0.41;-0.41
274;2HLE;A:B;LA87R;LA95R;298;2.286;2.286
275,4437;3BT1;A:U;RU135A;RU137A;296;-0.022;-0.288
276,4439;3BT1;A:U;KU137A;KU139A;296;0.642;0.674
277,4442;3BT1;A:U;RU140A;RU142A;296;0.577;0.363
278,4443;3BT1;A:U;HU141A;HU143A;296;0.644;0.661
279,4445;3BT1;A:U;RU143A;RU145A;296;0.662;0.42
284;1AHW;AB:C;YC146A;YC157A;298;-1.889;-1.889
286;1AHW;AB:C;TC156A;TC167A;298;-0.074;-0.074
288;1AHW;AB:C;TC159A;TC170A;298;1.106;1.106
289;1AHW;AB:C;LC165A;LC176A;298;0.987;0.987
290;1AHW;AB:C;DC167A;DC178A;298;-0.485;-0.485
292;1AHW;AB:C;TC186A;TC197A;298;1.346;1.346
293;1AHW;AB:C;VC187A;VC198A;298;-0.314;-0.314
294;1AHW;AB:C;NC188A;NC199A;298;1.078;1.078
296;1UUZ;A:D;HA62Q;HA62Q;298;1.519;1.519
297;1UUZ;A:D;HA62N;HA62N;298;1.519;1.519
298;1UUZ;A:D;HA62D;HA62D;298;3.378;3.378
299;1UUZ;A:D;HA62A;HA62A;298;1.774;1.774
300;1UUZ;A:D;CA64A;CA64A;298;0.651;0.651
301;1DVF;AB:CD;HA30A;HA30A;298;1.649;1.649
302,322;1DVF;AB:CD;YA32A;YA32A;298;2.03;2.03
303,321;1DVF;AB:CD;YA49A;YA49A;298;1.678;1.678
304;1DVF;AB:CD;YA50A;YA50A;298;0.688;0.688
305;1DVF;AB:CD;WA92A;WA92A;298;0.341;0.341
306;1DVF;AB:CD;SA93A;SA93A;298;1.162;1.162
307;1DVF;AB:CD;TB30A;TB30A;298;0.908;0.908
308;1DVF;AB:CD;YB32A;YB32A;298;1.831;1.831
309,324;1DVF;AB:CD;WB52A;WB52A;298;4.133;4.133
310,319;1DVF;AB:CD;DB54A;DB54A;298;4.281;4.281
311,323;1DVF;AB:CD;NB56A;NB56A;298;1.162;1.162
312,320;1DVF;AB:CD;DB58A;DB58A;298;1.6;1.6
313,318;1DVF;AB:CD;EB98A;EB98A;298;4.187;4.187
314;1DVF;AB:CD;RB99A;RB99A;298;1.875;1.875
315,325;1DVF;AB:CD;DB100A;DB100A;298;2.79;2.79
317;1DVF;AB:CD;YB101F;YB101F;298;2.012;2.012
326;1DVF;AB:CD;YD102A;YD98A;298;4.739;4.739
327;1DVF;AB:CD;YC49A;YC49A;298;1.861;1.861
328;1DVF;AB:CD;QD104A;QD100A;298;1.629;1.629
329;1DVF;AB:CD;ND55A;ND54A;298;1.861;1.861
330;1DVF;AB:CD;RD106A;RD100bA;298;4.091;4.091
331;1DVF;AB:CD;KD30A;KD30A;298;1.004;1.004
332;1DVF;AB:CD;HD33A;HD33A;298;1.861;1.861
333;1DVF;AB:CD;DD52A;DD52A;298;1.682;1.682
334;1DVF;AB:CD;ID101A;ID97A;298;2.682;2.682
348;1VFB;AB:C;HA30A;HA30A;298;0.845;0.845
349,2124;1VFB;AB:C;YA32A;YA32A;298;1.528;1.528
350;1VFB;AB:C;YA49A;YA49A;298;0.798;0.798
351,2125;1VFB;AB:C;YA50A;YA50A;298;0.456;0.456
352,2126;1VFB;AB:C;WA92A;WA92A;298;3.038;3.038
353;1VFB;AB:C;SA93A;SA93A;298;0.343;0.343
354;1VFB;AB:C;TB30A;TB30A;298;-0.056;-0.056
355,2127;1VFB;AB:C;YB32A;YB32A;298;0.792;0.792
356,2128;1VFB;AB:C;WB52A;WB52A;298;0.641;0.641
357,2129;1VFB;AB:C;DB54A;DB54A;298;0.816;0.816
358;1VFB;AB:C;NB56A;NB56A;298;0.178;0.178
359;1VFB;AB:C;DB58A;DB58A;298;-0.207;-0.207
360;1VFB;AB:C;EB98A;EB98A;298;1.157;1.157
361;1VFB;AB:C;RB99A;RB99A;298;-0.1;-0.1
362,2130;1VFB;AB:C;DB100A;DB100A;298;3.005;3.005
364,2132;1VFB;AB:C;YB101F;YB101F;298;1.27;1.27
386;1EFN;A:B;TA13H;TA97H;298;1.243;1.243
387;1EFN;A:B;IA12A;IA96A;298;1.45;1.45
388,392;2GOX;A:B;RB31A;RB131A;298;1.882;1.882
389,393;2GOX;A:B;NB38A;NB138A;298;1.451;1.451
397;3BP8;A:C;FA115A;FA136A;298;0.709;0.709
398;3BP8;A:C;AC51F;AC63F;298;0.615;0.615
401;2VIR;AB:C;SC115L;SC157L;298;3.68;3.68
402;2VIR;AB:C;TC89I;TC131I;298;4.912;4.912
404;2HRK;A:B;TB55V;TB57V;298;0.624;0.624
408;2HRK;A:B;TA108V;TA127V;298;0.721;0.721
409;2HRK;A:B;KA140A;KA159A;298;0.953;0.953
411;2WPT;A:B;DA30L;DA33L;298;-3.402;-3.402
412;2WPT;A:B;NA31V;NA34V;298;-0.897;-0.897
413;2WPT;A:B;RA35T;RA38T;298;-1.038;-1.038
414;2WPT;A:B;EA36H;EA39H;298;0.038;0.038
415;2WPT;A:B;RA39E;RA42E;298;-0.372;-0.372
420;2WPT;A:B;EA27A;EA30A;298;1.733;1.733
421,7053;2WPT;A:B;DA30A;DA33A;298;-0.776;-0.132
422,7056;2WPT;A:B;NA31A;NA34A;298;-0.259;-0.38
423;2WPT;A:B;VA34A;VA37A;298;3.808;3.808
424;2WPT;A:B;RA35A;RA38A;298;-1.11;-1.11
425;2WPT;A:B;EA38A;EA41A;298;4.501;4.501
426;2WPT;A:B;RA39A;RA42A;298;-0.24;-0.24
427;2WPT;A:B;SA47A;SA50A;298;2.425;2.425
431;2WPT;A:B;PA53A;PA56A;298;2.926;2.926
437,449;2WPT;A:B;RB47A;RB54A;298;0.872;0.872
438,450;2WPT;A:B;NB65A;NB72A;298;0.701;0.701
439,451;2WPT;A:B;SB67A;SB74A;298;-0.134;-0.134
440,452;2WPT;A:B;NB68A;NB75A;298;1.251;1.251
441,453;2WPT;A:B;SB70A;SB77A;298;-0.457;-0.457
442,454;2WPT;A:B;SB71A;SB78A;298;-0.095;-0.095
443,455,7057;2WPT;A:B;SB77A;SB84A;298;-0.074;-0.068
444,456,7054;2WPT;A:B;FB79A;FB86A;298;1.594;1.057
445,457;2WPT;A:B;TB80A;TB87A;298;0.376;0.376
446,458;2WPT;A:B;QB85A;QB92A;298;0.384;0.384
447,459;2WPT;A:B;KB90A;KB97A;298;0.649;0.649
448,460;2WPT;A:B;VB91A;VB98A;298;0.264;0.264
481;1EMV;A:B;RB54A;RB54A;298;1.666;1.666
482;1EMV;A:B;NB72A;NB72A;298;1.165;1.165
483;1EMV;A:B;SB74A;SB74A;298;-0.241;-0.241
484;1EMV;A:B;NB75A;NB75A;298;2.335;2.335
485;1EMV;A:B;SB77A;SB77A;298;-0.233;-0.233
486;1EMV;A:B;SB78A;SB78A;298;-0.54;-0.54
487;1EMV;A:B;SB84A;SB84A;298;-0.109;-0.109
488;1EMV;A:B;FB86A;FB86A;298;3.879;3.879
489;1EMV;A:B;TB87A;TB87A;298;0.158;0.158
490;1EMV;A:B;QB92A;QB92A;298;-0.278;-0.278
491;1EMV;A:B;KB97A;KB97A;298;1.96;1.96
492;1EMV;A:B;VB98A;VB98A;298;1.089;1.089
498;1EMV;A:B;CA21A;CA23A;298;0.922;0.922
499;1EMV;A:B;NA22A;NA24A;298;0.139;0.139
500;1EMV;A:B;DA24A;DA26A;298;0.337;0.337
501;1EMV;A:B;TA25A;TA27A;298;0.728;0.728
502;1EMV;A:B;SA26A;SA28A;298;0.173;0.173
503;1EMV;A:B;SA27A;SA29A;298;0.956;0.956
504;1EMV;A:B;EA28A;EA30A;298;1.416;1.416
505;1EMV;A:B;EA29A;EA31A;298;0.307;0.307
506;1EMV;A:B;EA30A;EA32A;298;0.22;0.22
507;1EMV;A:B;LA31A;LA33A;298;3.418;3.418
508;1EMV;A:B;VA32A;VA34A;298;2.578;2.578
509;1EMV;A:B;KA33A;KA35A;298;0.192;0.192
510;1EMV;A:B;LA34A;LA36A;298;0.907;0.907
511;1EMV;A:B;VA35A;VA37A;298;1.664;1.664
512;1EMV;A:B;TA36A;TA38A;298;0.9;0.9
513;1EMV;A:B;EA39A;EA41A;298;2.083;2.083
514;1EMV;A:B;EA40A;EA42A;298;0.658;0.658
515;1EMV;A:B;TA42A;TA44A;298;0.305;0.305
516;1EMV;A:B;EA43A;EA45A;298;0.213;0.213
517;1EMV;A:B;HA44A;HA46A;298;0.832;0.832
518;1EMV;A:B;PA45A;PA47A;298;0.437;0.437
519;1EMV;A:B;SA46A;SA48A;298;0.007;0.007
520;1EMV;A:B;GA47A;GA49A;298;1.485;1.485
521;1EMV;A:B;SA48A;SA50A;298;2.187;2.187
522;1EMV;A:B;DA49A;DA51A;298;5.915;5.915
523;1EMV;A:B;LA50A;LA52A;298;0.601;0.601
524;1EMV;A:B;IA51A;IA53A;298;0.848;0.848
525;1EMV;A:B;YA52A;YA54A;298;4.835;4.835
526;1EMV;A:B;YA53A;YA55A;298;4.635;4.635
527;1EMV;A:B;PA54A;PA56A;298;1.242;1.242
528;1EMV;A:B;DA58A;DA60A;298;0.511;0.511
529;1EMV;A:B;SA61A;SA63A;298;0.87;0.87
530;1EMV;A:B;VA66A;VA68A;298;1.856;1.856
531;1EMV;A:B;NA67A;NA69A;298;0.278;0.278
541;2PCC;A:B;DA34A;DA34A;298;-0.897;-0.897
542;2PCC;A:B;VA197A;VA197A;298;2.102;2.102
543;2PCC;A:B;EA290A;EA290A;298;6.2;6.2
544;2PCC;A:B;KB92A;KB87A;298;0.901;0.901
547;2PCC;A:B;KB77A;KB72A;298;0.304;0.304
550;2PCC;A:B;AB86G;AB81G;298;1.901;1.901
553;2PCB;A:B;EA291Q;EA291Q;298;-0.057;-0.057
554;2PCB;A:B;EA32Q;EA32Q;298;0.605;0.605
555;2PCB;A:B;EA35Q;EA35Q;298;0.676;0.676
556;2PCB;A:B;AA193F;AA193F;298;0.733;0.733
557;2PCB;A:B;DA34N;DA34N;298;0.821;0.821
558;2PCB;A:B;EA290N;EA290N;298;0.871;0.871
559;2JEL;HL:P;FP2Y;FP2Y;298;0;0
560;2JEL;HL:P;FP2W;FP2W;298;2.619;2.619
561;2JEL;HL:P;QP3K;QP3K;298;4.091;4.091
562;2JEL;HL:P;QP4K;QP4K;298;1.364;1.364
563;2JEL;HL:P;EP5D;EP5D;298;0.41;0.41
564;2JEL;HL:P;EP5Q;EP5Q;298;0.713;0.713
565;2JEL;HL:P;VP6F;VP6F;298;0;0
566;2JEL;HL:P;TP7N;TP7N;298;0.41;0.41
567;2JEL;HL:P;TP7S;TP7S;298;0;0
568;2JEL;HL:P;PP11E;PP11E;298;0;0
569;2JEL;HL:P;NP12D;NP12D;298;0;0
570;2JEL;HL:P;RP17G;RP17G;298;0;0
571;2JEL;HL:P;RP17K;RP17K;298;0;0
572;2JEL;HL:P;KP24E;KP24E;298;0;0
573;2JEL;HL:P;KP27E;KP27E;298;0;0
575;2JEL;HL:P;TP34Q;TP34Q;298;0;0
576;2JEL;HL:P;TP36Q;TP36Q;298;0.41;0.41
577;2JEL;HL:P;NP38T;NP38T;298;0;0
578;2JEL;HL:P;SP41C;SP41C;298;1.496;1.496
579;2JEL;HL:P;SP43C;SP43C;298;0;0
580;2JEL;HL:P;SP46C;SP46C;298;0;0
581;2JEL;HL:P;QP57E;QP57E;298;-0.41;-0.41
582;2JEL;HL:P;TP62N;TP62N;298;0;0
583;2JEL;HL:P;TP62A;TP62A;298;0;0
584;2JEL;HL:P;SP64T;SP64T;298;4.091;4.091
585;2JEL;HL:P;EP66K;EP66K;298;4.091;4.091
586;2JEL;HL:P;EP68A;EP68A;298;0.41;0.41
587;2JEL;HL:P;DP69E;DP69E;298;0.953;0.953
588;2JEL;HL:P;EP70K;EP70K;298;4.091;4.091
589;2JEL;HL:P;EP70A;EP70A;298;2.727;2.727
590;2JEL;HL:P;QP71E;QP71E;298;2.727;2.727
591;2JEL;HL:P;KP72R;KP72R;298;0;0
592;2JEL;HL:P;KP72E;KP72E;298;0.41;0.41
593;2JEL;HL:P;EP75R;EP75R;298;2.727;2.727
594;2JEL;HL:P;HP76D;HP76D;298;-0.651;-0.651
595;2JEL;HL:P;HP76A;HP76A;298;-0.41;-0.41
596;2JEL;HL:P;KP79E;KP79E;298;0.41;0.41
597;2JEL;HL:P;AP82S;AP82S;298;0;0
598;2JEL;HL:P;EP83A;EP83A;298;0;0
599;2JEL;HL:P;EP85Q;EP85Q;298;0;0
600;2JEL;HL:P;EP85D;EP85D;298;0;0
601;2JEL;HL:P;EP85A;EP85A;298;0;0
602;2JEL;HL:P;EP85K;EP85K;298;0;0
603;2OOB;A:B;KA7E;KA935E;298;-0.178;-0.178
606;2OOB;A:B;GA13S;GA941S;298;0.235;0.235
610;2O3B;A:B;EB24A;EB24A;298;5.472;5.472
611;2O3B;A:B;EB24D;EB24D;298;0.599;0.599
612;2O3B;A:B;EB24Q;EB24Q;298;5.396;5.396
613;2O3B;A:B;QB74A;QB74A;298;3.232;3.232
614;2O3B;A:B;DB75E;DB75E;298;5.435;5.435
615;2O3B;A:B;DB75N;DB75N;298;5.901;5.901
616;2O3B;A:B;WB76A;WB76A;298;4.072;4.072
618;2J0T;A:D;VD4A;VD4A;298;0;0
619;2J0T;A:D;VD4I;VD4I;298;1.642;1.642
620;2J0T;A:D;VD4K;VD4K;298;1.824;1.824
621;2J0T;A:D;VD4S;VD4S;298;0.982;0.982
622;2J0T;A:D;SD68A;SD68A;298;2.105;2.105
623;2J0T;A:D;SD68E;SD68E;298;2.185;2.185
624;2J0T;A:D;SD68R;SD68R;298;2.835;2.835
625;2J0T;A:D;SD68Y;SD68Y;298;2.977;2.977
626;2J0T;A:D;TD2L;TD2L;298;2.681;2.681
629;2J0T;A:D;TD2R;TD2R;298;5.044;5.044
630;2J0T;A:D;TD2S;TD2S;298;1.594;1.594
635;2J0T;A:D;TD2A;TD2A;305;4.388;4.388
636;2J0T;A:D;MD66A;MD66A;305;1.68;1.68
637;2J0T;A:D;VD69I;VD69I;305;0.809;0.809
638;2J0T;A:D;VD69T;VD69T;305;1.318;-0.077
640;2J0T;A:D;CD70S;CD70S;305;4.408;4.408
641;2C0L;A:B;NA48A;NA382A;305;0.704;0.704
642;2C0L;A:B;QA239R;QA586R;305;1.521;1.521
643;2C0L;A:B;SA242Y;SA589Y;305;0.28;0.28
645;2BTF;A:P;FP59A;FP59A;298;1.595;1.595
646;2BTF;A:P;VP60E;VP60E;298;0.978;0.978
647;2BTF;A:P;GP120F;GP120F;298;1.72;1.72
648;2BTF;A:P;KP125A;KP125A;298;0.46;0.46
649;2AJF;A:E;KE22R;KE344R;298;-0.007;-0.007
650;2AJF;A:E;FE38S;FE360S;298;-0.082;-0.082
651;2AJF;A:E;NE151K;NE479K;298;2.012;2.012
652;2AJF;A:E;TE159S;TE487S;298;1.823;1.823
653;2A9K;A:B;GB55D;GB99D;310;2.41;2.41
655;4CPA;A:I;PI35G;PI36G;298;2.595;2.595
657;4CPA;A:I;YI36G;YI37G;298;0.502;0.502
658;4CPA;A:I;YI36F;YI37F;298;0;0
659;4CPA;A:I;VI37G;VI38G;298;3.733;3.733
660;4CPA;A:I;VI37A;VI38A;298;2.324;2.324
661;4CPA;A:I;VI37L;VI38L;298;1.279;1.279
662;4CPA;A:I;VI37I;VI38I;298;0.199;0.199
663;4CPA;A:I;VI37F;VI38F;298;0;0
665;1XD3;A:B;KB6A;KB6A;305;1.375;1.375
666;1XD3;A:B;KB27A;KB27A;305;-0.064;-0.064
667;1XD3;A:B;RB42L;RB42L;305;-0.882;-0.882
668;1XD3;A:B;RB54L;RB54L;305;0.889;0.889
669;1XD3;A:B;HB68N;HB68N;305;0;0
670;1XD3;A:B;RB72L;RB72L;305;1.332;1.332
671;1XD3;A:B;RB74L;RB74L;305;2.432;2.432
672;1XD3;A:B;EB24A;EB24A;305;-0.246;-0.246
673;1XD3;A:B;DB39A;DB39A;305;-0.42;-0.42
674;1XD3;A:B;EB51A;EB51A;305;1.57;1.57
675;1XD3;A:B;DB52A;DB52A;305;-0.246;-0.246
676;1XD3;A:B;DB58A;DB58A;305;-0.246;-0.246
677;1XD3;A:B;KB6R;KB6R;305;0.31;0.31
678;1XD3;A:B;LB8A;LB8A;305;2.738;2.738
679;1XD3;A:B;KB11R;KB11R;305;1.435;1.435
680;1XD3;A:B;KB27R;KB27R;305;0.272;0.272
681;1XD3;A:B;KB33R;KB33R;305;0;0
682;1XD3;A:B;IB44A;IB44A;305;0.272;0.272
683;1S1Q;A:B;VA41A;VA43A;293;0.659;0.659
684;1S1Q;A:B;FA42A;FA44A;293;0.196;0.196
685;1S1Q;A:B;NA43A;NA45A;293;1.211;1.211
686;1S1Q;A:B;DA44A;DA46A;293;0.949;0.949
687;1S1Q;A:B;WA73A;WA75A;293;0.276;0.276
688;1S1Q;A:B;FA86A;FA88A;293;0.762;0.762
689;1NCA;HL:N;NH31Q;NH31Q;298;0;0
690;1NCA;HL:N;EH100D;EH96D;298;0.41;0.41
691;1NCA;HL:N;DH101K;DH97K;298;0.714;0.714
692;1NCA;HL:N;NH102Q;NH98Q;298;0.543;0.543
693;1N8O;ABC:E;ME80L;ME84L;298;-0.062;-0.062
694;1N8O;ABC:E;ME80K;ME84K;298;1.459;1.459
695;1N8O;ABC:E;ME80R;ME84R;298;1.349;1.349
703;1MAH;A:F;FA285L;FA295L;323;1.245;1.245
704;1MAH;A:F;FA287I;FA297I;323;2.06;2.06
705;1MAH;A:F;FA287Y;FA297Y;323;0.792;0.792
706;1MAH;A:F;FA328G;FA338G;323;0.792;0.792
707;1MAH;A:F;YA327A;YA337A;323;0.387;0.387
708;1MAH;A:F;DA71N;DA74N;323;1.88;1.88
709;1MAH;A:F;YA121Q;YA124Q;323;3.004;3.004
710;1MAH;A:F;YA69N;YA72N;323;5.218;5.218
711;1MAH;A:F;WA276R;WA286R;323;8.809;8.809
716,741,6442,6459;1LFD;A:B;RA7A;RA20A;301;1.833;1.136
717,742;1LFD;A:B;SA9K;SA22K;298;0.39;-0.118
718,743;1LFD;A:B;LA10K;LA23K;298;-0.258;-0.015
719,744;1LFD;A:B;NA14K;NA27K;298;0.4;0.403
720,745;1LFD;A:B;MA17K;MA30K;298;-0.661;-0.92
721,746,6446,6464;1LFD;A:B;KA19A;KA32A;301;1.955;1.326
722,747,6448,6466;1LFD;A:B;KA35A;KA48A;301;0.364;0.258
723,748,6449,6467;1LFD;A:B;DA38A;DA51A;301;-0.445;-0.579
724,749;1LFD;A:B;DA38K;DA51K;298;-0.994;-1.086
725,750,6450,6468;1LFD;A:B;KA39A;KA52A;301;2.144;1.179
726,751;1LFD;A:B;NA41K;NA54K;298;-0.634;-1.168
727,752;1LFD;A:B;LA42K;LA55K;298;-0.286;-0.571
728,753;1LFD;A:B;DA43A;DA56A;298;-0.34;-0.28
729,754,6452,6470;1LFD;A:B;EA44A;EA57A;301;-0.137;-0.246
730,755;1LFD;A:B;EA44K;EA57K;298;-0.192;-0.284
731,756;1LFD;A:B;DA45K;DA58K;298;-0.704;-0.906
732,757;1LFD;A:B;NA79K;NA92K;298;-0.482;-0.563
733,758;1LFD;A:B;YA80K;YA93K;298;0.138;0.077
734,759;1LFD;A:B;DA81K;DA94K;298;-1.023;-1.146
766;1KTZ;A:B;VA62I;VA92I;298;0.243;0.243
767;1KTZ;A:B;RA13K;RA25K;298;1.151;1.151
768;1KTZ;A:B;RA64K;RA94K;298;2.201;2.201
769;1KTZ;A:B;RA13A;RA25A;298;1.481;1.481
770;1KTZ;A:B;RA64A;RA94A;298;2.883;2.883
771;1KTZ;A:B;LB3A;LB27A;298;1.824;2.27
772;1KTZ;A:B;FB6A;FB30A;298;2.979;3.425
773;1KTZ;A:B;DB8A;DB32A;298;1.521;1.967
774;1KTZ;A:B;DB8N;DB32N;298;1.999;2.446
775;1KTZ;A:B;SB25A;SB49A;298;0.326;0.773
776;1KTZ;A:B;IB26A;IB50A;298;1.896;2.342
777;1KTZ;A:B;TB27A;TB51A;298;1.513;1.959
778;1KTZ;A:B;SB28A;SB52A;298;0.216;0.663
779;1KTZ;A:B;SB28L;SB52L;298;4.036;4.482
780;1KTZ;A:B;IB29A;IB53A;298;1.37;1.816
781;1KTZ;A:B;EB31A;EB55A;298;1.216;1.662
782;1KTZ;A:B;VB53A;VB77A;298;0.415;0.861
783;1KTZ;A:B;DB94A;DB118A;298;0.814;1.261
784;1KTZ;A:B;EB95A;EB119A;298;1.494;1.94
785;1KTZ;A:B;EB95Q;EB119Q;298;1.626;2.073
786;1KTZ;A:B;NB23A;NB47A;298;0.285;0.731
787;1KTZ;A:B;VB38A;VB62A;298;0.648;1.094
788;1KTZ;A:B;EB51A;EB75A;298;1.08;1.526
789;1KTZ;A:B;HB55A;HB79A;298;0.295;0.742
790;1KTZ;A:B;FB86A;FB110A;298;0.932;1.378
791;1KTZ;A:B;MB88A;MB112A;298;0.871;1.317
792;1KTZ;A:B;IB101A;IB125A;298;0.539;0.985
816;1REW;AB:C;QC55A;QC86A;298;2.657;2.657
829;3BK3;A:C;LC2A;LC1A;298;0;0
830;3BK3;A:C;LC2R;LC1R;298;0.026;0.026
831;3BK3;A:C;IC3A;IC2A;298;1.038;1.038
832;3BK3;A:C;IC3R;IC2R;298;0.651;0.651
833;3BK3;A:C;TC4P;TC3P;298;0.486;0.486
834;3BK3;A:C;TC6P;TC5P;298;1.742;1.742
835;3BK3;A:C;IC19A;IC18A;298;0.486;0.486
836;3BK3;A:C;IC19R;IC18R;298;0.424;0.424
837;3BK3;A:C;IC22A;IC21A;298;1.307;1.307
838;3BK3;A:C;IC22R;IC21R;298;2.121;2.121
839;3BK3;A:C;IC28A;IC27A;298;1.261;1.261
840;3BK3;A:C;IC28R;IC27R;298;1.175;1.175
841;3BK3;A:C;AC37R;AC36R;298;1.382;1.382
844;1JTG;A:B;GA212S;GA238S;298;-0.268;-1.631
845,1262;1JTG;A:B;EA79K;EA104K;298;3.239;4.233
846,852,883,953,5673,6402,6403,6404;1JTG;A:B;DB49A;DB49A;292;2.347;1.959
847,885,960,5683,6414,6415,6416;1JTG;A:B;FB142A;FB142A;294;2.804;2.662
868;1JTG;A:B;SA209A;SA235A;298;1.239;1.239
869,933;1JTG;A:B;SA105A;SA130A;298;0.563;0.563
871,915;1JTG;A:B;RA217A;RA243A;298;1.302;1.302
872,924;1JTG;A:B;KA208A;KA234A;298;1.222;1.222
884,957,5679,6408,6409,6410;1JTG;A:B;KB74A;KB74A;296;3.616;3.69
886,5684,6438,6439;1JTG;A:B;YB143A;YB143A;293;0.71;0.382
891,945,1260,5773;1JTG;A:B;EA79A;EA104A;298;1.979;1.66
899,5774;1JTG;A:B;YA80A;YA105A;297;-0.131;-0.168
942,5770;1JTG;A:B;QA74A;QA99A;297;0.507;0.429
943,5771;1JTG;A:B;NA75A;NA100A;297;-0.962;-0.456
944;1JTG;A:B;VA78A;VA103A;298;1.91;1.91
946,5775;1JTG;A:B;PA82A;PA107A;297;-0.074;-0.383
947,5776;1JTG;A:B;EA85A;EA110A;297;1.378;4.06
948,5778;1JTG;A:B;MA104A;MA129A;297;1.118;0.738
949;1JTG;A:B;EA143A;EA168A;298;-0.073;-0.073
950,5779;1JTG;A:B;VA190A;VA216A;297;-0.493;-0.407
951,5669,6396,6397,6398;1JTG;A:B;FB36A;FB36A;295;3.225;3.2
952,5671,6399,6400,6401;1JTG;A:B;HB41A;HB41A;291;3.316;3.248
954,5674,6429,6430;1JTG;A:B;YB50A;YB50A;297;-1.707;-0.407
955,5676,6405,6406,6407;1JTG;A:B;YB53A;YB53A;292;2.869;2.077
956,5677,6434;1JTG;A:B;SB71A;SB71A;300;0.139;0.358
958,5680,6411,6412,6413;1JTG;A:B;WB112A;WB112A;296;2.879;3.009
959,5681,6436;1JTG;A:B;SB113A;SB113A;295;-0.516;-0.168
961,5686,6417,6418,6419;1JTG;A:B;HB148A;HB148A;293;2.907;2.747
962,5687,6420,6421,6422;1JTG;A:B;WB150A;WB150A;289;4.314;4.252
963,5688,6423,6424,6425;1JTG;A:B;RB160A;RB160A;289;2.736;2.221
964,5689;1JTG;A:B;WB162A;WB162A;298;2.262;2.34
1008;1JTG;A:B;TB32K;TB32K;298;0.199;0.199
1009;1JTG;A:B;VB93K;VB93K;298;-0.476;-0.476
1010;1JTG;A:B;TB140K;TB140K;298;-0.014;-0.014
1011;1JTG;A:B;NB89K;NB89K;298;-0.455;-0.455
1012;1JTG;A:B;DB163A;DB163A;298;-1.34;-1.34
1013;1JTG;A:B;DB163K;DB163K;298;-1.982;-1.982
1028;1HE8;A:B;KA80V;KA223V;293;0.467;0.467
1043;1H9D;A:B;RB2A;RB3A;273;1.064;1.064
1044;1H9D;A:B;VB3A;VB4A;273;1.284;1.284
1045;1H9D;A:B;GB60A;GB61A;273;1.902;1.902
1046;1H9D;A:B;QB66A;QB67A;273;1.249;1.249
1047;1H9D;A:B;LB93A;LB103A;273;0.861;0.861
1048;1H9D;A:B;NB94A;NB104A;273;2.11;2.11
1049;1GRN;A:B;DA38E;DA38E;298;0.39;0.39
1051;1GL1;A:I;LI29V;LI30V;298;4.257;4.257
1055;1FFW;A:B;DA12K;DA13K;298;0.047;0.047
1056;1FFW;A:B;TA86I;TA87I;298;-0.319;-0.319
1057;1FFW;A:B;AA89V;AA90V;298;0.091;0.091
1058;1FFW;A:B;EA92K;EA93K;298;0.821;0.821
1059;1FFW;A:B;YA105W;YA106W;298;0.713;0.713
1060;1FFW;A:B;VA107M;VA108M;298;1.131;1.131
1061;1FFW;A:B;FA110V;FA111V;298;1.256;6.71
1062;1FFW;A:B;TA111I;TA112I;298;0.562;0.562
1063;1FFW;A:B;EA116K;EA117K;298;0.713;0.713
1064;1FFW;A:B;EB13A;EB171A;298;0.716;0.716
1065;1FFW;A:B;EB20A;EB178A;298;0.639;0.639
1066;1FFW;A:B;HB23A;HB181A;298;0.034;0.034
1067;1FFW;A:B;DB44A;DB202A;298;-0.074;-0.074
1068;1FFW;A:B;DB49A;DB207A;298;0.096;0.096
1069;1FFW;A:B;CB55A;CB213A;298;0.204;0.204
1070;1FFW;A:B;FB56A;FB214A;298;3.644;3.644
1071;1FFW;A:B;IB58A;IB216A;298;0.428;0.428
1072;1FC2;C:D;YC10W;YC133W;298;0.41;0.41
1073;1FC2;C:D;IC12W;IC135W;298;3.138;3.138
1074;1FC2;C:D;FC26W;FC149W;298;0;0
1075;1FC2;C:D;LC40W;LC163W;298;0;0
1076,1081;1FC2;C:D;LC13D;LC136D;298;1.127;1.127
1077,1082;1FC2;C:D;NC24A;NC147A;298;0.593;0.593
1078,1083;1FC2;C:D;FC26A;FC149A;298;0.014;0.014
1079,1084;1FC2;C:D;IC27A;IC150A;298;3.73;3.73
1080,1085;1FC2;C:D;KC31A;KC154A;298;1.378;1.378
1095;1EAW;A:B;QA23A;QA38A;298;-0.519;-0.519
1096;1EAW;A:B;IA26A;IA41A;298;-0.822;-0.822
1097;1EAW;A:B;IA45A;IA60A;298;-0.194;-0.194
1098;1EAW;A:B;DA46A;DA60aA;298;-0.172;-0.172
1099;1EAW;A:B;DA47A;DA60bA;298;1.502;1.502
1100;1EAW;A:B;RA48A;RA60cA;298;0.587;0.587
1101;1EAW;A:B;FA50A;FA60eA;298;-0.429;-0.429
1102;1EAW;A:B;RA51A;RA60fA;298;0.231;0.231
1103;1EAW;A:B;YA52A;YA60gA;298;-0.079;-0.079
1104;1EAW;A:B;RA82A;RA87A;298;-0.15;-0.15
1105;1EAW;A:B;FA89A;FA94A;298;0.728;0.728
1106;1EAW;A:B;NA90A;NA95A;298;0.308;0.308
1107;1EAW;A:B;DA91A;DA96A;298;0.654;0.654
1108;1EAW;A:B;FA92A;FA97A;298;0.892;0.892
1109;1EAW;A:B;TA93A;TA98A;298;0.255;0.255
1110;1EAW;A:B;HA138A;HA143A;298;-0.014;-0.014
1111;1EAW;A:B;QA140A;QA145A;298;0.307;0.307
1112;1EAW;A:B;YA141A;YA146A;298;0.502;0.502
1113;1EAW;A:B;TA144A;TA150A;298;0.089;0.089
1114;1EAW;A:B;LA147A;LA153A;298;0.502;0.502
1115;1EAW;A:B;EA163A;EA169A;298;0.703;0.703
1116;1EAW;A:B;QA168A;QA174A;298;0.565;0.565
1117;1EAW;A:B;QA169A;QA175A;298;-0.133;-0.133
1118;1EAW;A:B;DA214A;DA217A;298;2.228;2.228
1119;1EAW;A:B;QA218A;QA221aA;298;0.144;0.144
1120;1EAW;A:B;RA219A;RA222A;298;-0.089;-0.089
1121;1EAW;A:B;KA221A;KA224A;298;0.476;0.476
1122;3BN9;B:CD;QB23A;QB38A;298;-0.415;-0.415
1123;3BN9;B:CD;IB26A;IB41A;298;0;0
1124;3BN9;B:CD;IB45A;IB60A;298;0.835;0.835
1125;3BN9;B:CD;DB46A;DB60aA;298;0.422;0.422
1126;3BN9;B:CD;DB47A;DB60bA;298;0.311;0.311
1127;3BN9;B:CD;RB48A;RB60cA;298;-0.045;-0.045
1128;3BN9;B:CD;FB50A;FB60eA;298;-0.045;-0.045
1129;3BN9;B:CD;RB51A;RB60fA;298;-0.072;-0.072
1130;3BN9;B:CD;YB52A;YB60gA;298;0.019;0.019
1131;3BN9;B:CD;RB82A;RB87A;298;-0.159;-0.159
1132;3BN9;B:CD;FB89A;FB94A;298;0.639;0.639
1133;3BN9;B:CD;NB90A;NB95A;298;0.773;0.773
1136;3BN9;B:CD;TB93A;TB98A;298;1.132;1.132
1137;3BN9;B:CD;HB138A;HB143A;298;0.085;0.085
1138;3BN9;B:CD;QB140A;QB145A;298;0.133;0.133
1139;3BN9;B:CD;YB141A;YB146A;298;1.085;1.085
1140;3BN9;B:CD;TB144A;TB150A;298;0.291;0.291
1141;3BN9;B:CD;LB147A;LB153A;298;0.336;0.336
1142;3BN9;B:CD;EB163A;EB169A;298;0.373;0.373
1143;3BN9;B:CD;QB168A;QB174A;298;-0.035;-0.035
1144;3BN9;B:CD;QB169A;QB175A;298;2.509;2.509
1145;3BN9;B:CD;DB214A;DB217A;298;0.566;0.566
1146;3BN9;B:CD;QB218A;QB221aA;298;0.706;0.706
1147;3BN9;B:CD;RB219A;RB222A;298;-0.094;-0.094
1148;3BN9;B:CD;KB221A;KB224A;298;0.785;0.785
1157;3NPS;A:BC;QA23A;QA38A;298;0.026;0.026
1158;3NPS;A:BC;IA26A;IA41A;298;0.642;0.642
1159;3NPS;A:BC;IA45A;IA60A;298;-0.332;-0.332
1160;3NPS;A:BC;DA46A;DA60aA;298;0.34;0.34
1161;3NPS;A:BC;DA47A;DA60bA;298;1.067;1.067
1162;3NPS;A:BC;RA48A;RA60cA;298;-1.063;-1.063
1163;3NPS;A:BC;FA50A;FA60eA;298;0.22;0.22
1164;3NPS;A:BC;RA51A;RA60fA;298;0.138;0.138
1165;3NPS;A:BC;YA52A;YA60gA;298;0.452;0.452
1166;3NPS;A:BC;RA82A;RA87A;298;-0.152;-0.152
1167;3NPS;A:BC;FA89A;FA94A;298;1.571;1.595
1168;3NPS;A:BC;NA90A;NA95A;298;0.253;0.253
1169;3NPS;A:BC;DA91A;DA96A;298;1.507;1.507
1170;3NPS;A:BC;FA92A;FA97A;298;0.464;0.464
1171;3NPS;A:BC;TA93A;TA98A;298;0.724;0.724
1172;3NPS;A:BC;HA138A;HA143A;298;1.875;1.875
1173;3NPS;A:BC;QA140A;QA145A;298;0.296;0.296
1174;3NPS;A:BC;YA141A;YA146A;298;1.775;1.775
1175;3NPS;A:BC;TA144A;TA150A;298;0.175;0.175
1176;3NPS;A:BC;LA147A;LA153A;298;0.296;0.296
1177;3NPS;A:BC;EA163A;EA169A;298;0.615;0.615
1178;3NPS;A:BC;QA168A;QA174A;298;-0.059;-0.059
1179;3NPS;A:BC;QA169A;QA175A;298;0.741;0.741
1180;3NPS;A:BC;DA214A;DA217A;298;1.467;1.467
1181;3NPS;A:BC;QA218A;QA221aA;298;-0.041;-0.041
1182;3NPS;A:BC;RA219A;RA222A;298;-0.084;-0.084
1183;3NPS;A:BC;KA221A;KA224A;298;-0.104;-0.104
1184,1189;1DQJ;AB:C;YC20A;YC20A;298;3.286;3.286
1185,1190;1DQJ;AB:C;RC21A;RC21A;298;1.214;1.214
1186,1192;1DQJ;AB:C;WC63A;WC63A;298;1.346;1.346
1187,1197;1DQJ;AB:C;KC97A;KC97A;298;3.52;3.52
1188,1199;1DQJ;AB:C;DC101A;DC101A;298;1.376;1.376
1191;1DQJ;AB:C;WC62A;WC62A;298;0.758;0.758
1193;1DQJ;AB:C;LC75A;LC75A;298;1.452;1.452
1194;1DQJ;AB:C;TC89A;TC89A;298;0.841;0.841
1195;1DQJ;AB:C;NC93A;NC93A;298;0.65;0.65
1196;1DQJ;AB:C;KC96A;KC96A;298;6.156;6.156
1198;1DQJ;AB:C;SC100A;SC100A;298;0.776;0.776
1200;1DQJ;AB:C;NA31A;NA31A;298;2.013;2.013
1201;1DQJ;AB:C;NA32A;NA32A;298;4.091;4.091
1202;1DQJ;AB:C;YA50A;YA50A;298;2.678;2.678
1203;1DQJ;AB:C;SA91A;SA91A;298;1.432;1.432
1204;1DQJ;AB:C;YA96A;YA96A;298;1.135;1.135
1205;1DQJ;AB:C;DB32A;DB32A;298;2.013;2.013
1206;1DQJ;AB:C;YB33A;YB33A;298;5.524;5.524
1207;1DQJ;AB:C;YB50A;YB50A;298;6.888;6.888
1208;1DQJ;AB:C;YB53A;YB53A;298;1.18;1.18
1209;1DQJ;AB:C;WB98A;WB98A;298;4.932;4.932
1223;2G2U;A:B;EB31A;EB31A;298;0.651;0.651
1224;2G2U;A:B;SB35A;SB35A;298;-0.95;-0.95
1225;2G2U;A:B;FB36A;FB36A;298;2.763;2.763
1226;2G2U;A:B;SB39A;SB39A;298;-0.956;-0.956
1227;2G2U;A:B;HB41A;HB41A;298;1.716;1.716
1228;2G2U;A:B;GB48A;GB48A;298;-0.426;-0.426
1229;2G2U;A:B;YB50A;YB50A;298;-2.075;-2.075
1230;2G2U;A:B;YB51A;YB51A;298;-0.628;-0.628
1231;2G2U;A:B;YB53A;YB53A;298;2.301;2.301
1232;2G2U;A:B;SB71A;SB71A;298;-0.512;-0.512
1233;2G2U;A:B;EB73A;EB73A;298;-1.979;-1.979
1234;2G2U;A:B;KB74A;KB74A;298;-0.217;-0.217
1235;2G2U;A:B;WB112A;WB112A;298;0.958;0.958
1236;2G2U;A:B;SB113A;SB113A;298;-0.612;-0.612
1237;2G2U;A:B;GB141A;GB141A;298;-0.414;-0.414
1238;2G2U;A:B;FB142A;FB142A;298;0.276;0.276
1239;2G2U;A:B;YB143A;YB143A;298;-1.846;-1.846
1240;2G2U;A:B;RB144A;RB144A;298;-0.342;-0.342
1241;2G2U;A:B;HB148A;HB148A;298;1.118;1.118
1242;2G2U;A:B;WB150A;WB150A;298;1.784;1.784
1243;2G2U;A:B;RB160A;RB160A;298;0.669;0.669
1244;2G2U;A:B;WB162A;WB162A;298;0.531;0.531
1254,1274;2G2U;A:B;EB73M;EB73M;298;-3.004;-3.534
1255;2G2U;A:B;SB130K;SB130K;298;-1.469;-1.469
1258,1273;2G2U;A:B;DA79K;DA104K;298;-0.563;-0.453
1284;2FTL;E:I;GI12A;GI12A;295;4.347;4.347
1286,1344;2FTL;E:I;KI15A;KI15A;295;10.29;10.29
1288;2FTL;E:I;II18A;II18A;295;4.969;4.969
1294;2FTL;E:I;GI36A;GI36A;295;4.891;2.191
1298,1311;1CBW;FGH:I;TI11A;TI11A;295;0.209;0.22
1299,1312;1CBW;FGH:I;GI12A;GI12A;295;0.637;0.679
1300,1313;1CBW;FGH:I;PI13A;PI13A;295;-0.078;-0.056
1301,1314,1327;1CBW;FGH:I;KI15A;KI15A;295;2.054;2.091
1302,1315;1CBW;FGH:I;RI17A;RI17A;295;0.522;0.548
1316;1CBW;FGH:I;II18A;II18A;295;1.401;1.401
1303,1317;1CBW;FGH:I;II19A;II19A;295;0.12;0.141
1304,1318;1CBW;FGH:I;RI20A;RI20A;295;0.324;0.35
1319;1CBW;FGH:I;FI33A;FI33A;295;0.141;0.141
1305,1320;1CBW;FGH:I;VI34A;VI34A;295;0.026;0.051
1306,1321;1CBW;FGH:I;YI35A;YI35A;295;0.834;0.876
1307,1322;1CBW;FGH:I;GI36A;GI36A;295;0.923;0.954
1308,1323;1CBW;FGH:I;GI37A;GI37A;295;0.803;0.813
1309,1324;1CBW;FGH:I;RI39A;RI39A;295;0.209;0.22
1310,1325;1CBW;FGH:I;KI46A;KI46A;295;0.12;0.141
1326;1CBW;FGH:I;KI15G;KI15G;295;4.113;4.113
1328;1CBW;FGH:I;KI15S;KI15S;295;3.39;3.39
1329;1CBW;FGH:I;KI15V;KI15V;295;2.135;2.135
1330;1CBW;FGH:I;KI15T;KI15T;295;2.086;2.086
1331;1CBW;FGH:I;KI15D;KI15D;295;5.215;5.215
1332;1CBW;FGH:I;KI15N;KI15N;295;1.324;1.324
1333;1CBW;FGH:I;KI15M;KI15M;295;-1.427;-1.415
1334;1CBW;FGH:I;KI15I;KI15I;295;2.93;2.93
1335;1CBW;FGH:I;KI15L;KI15L;295;-1.581;-1.581
1336;1CBW;FGH:I;KI15E;KI15E;295;3.866;3.866
1337;1CBW;FGH:I;KI15Q;KI15Q;295;0.306;0.306
1338;1CBW;FGH:I;KI15H;KI15H;295;0.099;0.099
1339;1CBW;FGH:I;KI15R;KI15R;295;-0.614;-0.614
1340;1CBW;FGH:I;KI15F;KI15F;295;-1.964;-1.964
1341;1CBW;FGH:I;KI15Y;KI15Y;295;-2.614;-2.614
1342;1CBW;FGH:I;KI15W;KI15W;295;-2.435;-2.435
1343;2FTL;E:I;KI15G;KI15G;295;12.222;12.222
1345;2FTL;E:I;KI15S;KI15S;295;7.643;7.643
1346;2FTL;E:I;KI15V;KI15V;295;11.633;11.633
1347;2FTL;E:I;KI15T;KI15T;295;10.486;10.486
1348;2FTL;E:I;KI15D;KI15D;295;11.382;11.382
1349;2FTL;E:I;KI15N;KI15N;295;7.949;7.949
1350;2FTL;E:I;KI15M;KI15M;295;7.612;7.612
1351;2FTL;E:I;KI15I;KI15I;295;11.054;11.054
1352;2FTL;E:I;KI15L;KI15L;295;8.771;8.771
1353;2FTL;E:I;KI15E;KI15E;295;9.325;9.325
1354;2FTL;E:I;KI15Q;KI15Q;295;9.272;9.272
1355;2FTL;E:I;KI15H;KI15H;295;8.689;8.689
1357;2FTL;E:I;KI15F;KI15F;295;6.953;6.953
1358;2FTL;E:I;KI15Y;KI15Y;295;6.785;6.785
1359;2FTL;E:I;KI15W;KI15W;295;8.573;8.573
1360;1A4Y;A:B;HB8A;HB8A;298;0.904;0.904
1361;1A4Y;A:B;QB12A;QB12A;298;0.3;0.3
1362;1A4Y;A:B;NB68A;NB68A;298;0.118;0.118
1363;1A4Y;A:B;EB108A;EB108A;298;-0.323;-0.323
1364;1A4Y;A:B;YA434A;YA434A;298;3.261;3.261
1365;1A4Y;A:B;DA435A;DA435A;298;3.484;3.484
1366;1A4Y;A:B;YA437A;YA437A;298;0.836;0.836
1367;1Z7X;W:X;YW434A;YW434A;298;5.953;5.953
1368;1Z7X;W:X;DW435A;DW435A;298;3.661;3.661
1369;1Z7X;W:X;YW437A;YW437A;298;2.623;2.623
1372;1Z7X;W:X;RW457A;RW457A;298;0.848;0.848
1373;1Z7X;W:X;IW459A;IW459A;298;0.337;0.337
1376;1A4Y;A:B;RA457A;RA457A;298;-0.224;-0.224
1377;1A4Y;A:B;IA459A;IA459A;298;0.679;0.679
1378;1Z7X;W:X;EW206A;EW206A;298;1.018;1.018
1379;1Z7X;W:X;WW261A;WW261A;298;1.335;1.335
1380;1Z7X;W:X;WW263A;WW263A;298;2.211;2.211
1381;1Z7X;W:X;EW287A;EW287A;298;1.321;1.321
1382;1Z7X;W:X;SW289A;SW289A;298;0.814;0.814
1383;1Z7X;W:X;WW318A;WW318A;298;0.993;0.993
1384;1Z7X;W:X;KW320A;KW320A;298;1.321;1.321
1385;1Z7X;W:X;EW344A;EW344A;298;1.561;1.561
1386;1Z7X;W:X;WW375A;WW375A;298;1.669;1.669
1387;1Z7X;W:X;EW401A;EW401A;298;1.306;1.306
1388;1A4Y;A:B;HB84A;HB84A;298;0.17;0.17
1389;1A4Y;A:B;WB89A;WB89A;298;0.24;0.24
1390;1A4Y;A:B;WA261A;WA261A;298;0.101;0.101
1391;1A4Y;A:B;WA263A;WA263A;298;1.171;1.171
1392;1A4Y;A:B;EA287A;EA287A;298;0.101;0.101
1393;1A4Y;A:B;SA289A;SA289A;298;0.042;0.042
1394;1A4Y;A:B;WA318A;WA318A;298;1.5;1.5
1395;1A4Y;A:B;KA320A;KA320A;298;-0.31;-0.31
1396;1A4Y;A:B;EA344A;EA344A;298;0.179;0.179
1397;1A4Y;A:B;WA375A;WA375A;298;1.035;1.035
1398;1A4Y;A:B;EA401A;EA401A;298;0.883;0.883
1399;1A4Y;A:B;RB5A;RB5A;298;2.308;2.308
1400;1A4Y;A:B;RB32A;RB32A;298;0.91;0.91
1401;1A4Y;A:B;RB66A;RB66A;298;0.203;0.203
1402;1A4Y;A:B;RB70A;RB70A;298;-0.232;-0.232
1403;1A4Y;A:B;RB31A;RB31A;298;0.25;0.25
1404;1A4Y;A:B;RB33A;RB33A;298;0.327;0.327
1405;1A4Y;A:B;KB40Q;KB40Q;298;4.251;4.251
1406;1A4Y;A:B;HB13A;HB13A;298;-0.297;-0.297
1407;1A4Y;A:B;HB114A;HB114A;298;0.657;0.657
1408;1A4Y;A:B;YA434F;YA434F;298;0.558;0.558
1409;1A4Y;A:B;YA437F;YA437F;298;0.245;0.245
1416;1A4Y;A:B;KB40G;KB40G;298;3.235;3.235
1422;1Z7X;W:X;YW434F;YW434F;298;0.121;0.121
1423;1Z7X;W:X;YW437F;YW437F;298;2.165;2.165
1426,1614;1A22;A:B;MA14A;MA14A;298;0.234;0
1427,1617;1A22;A:B;HA18A;HA18A;298;-0.346;-0.486
1428;1A22;A:B;HA21A;HA21A;298;0.155;0.155
1429;1A22;A:B;QA22A;QA22A;298;-0.22;-0.22
1430,1570,1573;1A22;A:B;FA25A;FA25A;298;-0.424;-0.439
1431;1A22;A:B;DA26A;DA26A;298;-0.211;-0.211
1432;1A22;A:B;QA29A;QA29A;298;-0.589;-0.589
1433;1A22;A:B;YA42A;YA42A;298;0.199;0.199
1434;1A22;A:B;LA45A;LA45A;298;1.224;1.224
1435;1A22;A:B;QA46A;QA46A;298;0.108;0.108
1436;1A22;A:B;PA48A;PA48A;298;0.41;0.41
1437;1A22;A:B;SA51A;SA51A;298;0.348;0.348
1438,1621;1A22;A:B;EA56A;EA56A;298;0.624;0.41
1439;1A22;A:B;PA61A;PA61A;298;1.209;1.209
1440,1625;1A22;A:B;SA62A;SA62A;298;0.397;0.155
1441,1626;1A22;A:B;NA63A;NA63A;298;0.51;0.314
1442,1627;1A22;A:B;RA64A;RA64A;298;1.721;1.642
1443,1628;1A22;A:B;EA65A;EA65A;298;-0.393;-0.473
1444,1630;1A22;A:B;QA68A;QA68A;298;0.788;0.588
1445;1A22;A:B;YA153A;YA164A;298;0.348;0.348
1446,1635;1A22;A:B;RA156A;RA167A;298;0.06;0.278
1447,1636;1A22;A:B;KA157A;KA168A;298;-0.052;-0.155
1448,1637;1A22;A:B;DA160A;DA171A;298;0.974;0.791
1449,1638;1A22;A:B;KA161A;KA172A;298;1.778;2.014
1450,1639;1A22;A:B;EA163A;EA174A;298;-0.91;-0.924
1451;1A22;A:B;TA164A;TA175A;298;1.906;1.906
1452,1641;1A22;A:B;FA165A;FA176A;298;1.024;0.41
1453;1A22;A:B;RA167A;RA178A;298;2.425;2.425
1454,1643;1A22;A:B;IA168A;IA179A;298;0.698;0.806
1455,1647;1A22;A:B;RA172A;RA183A;298;0.49;0.543
1456,1650;1A22;A:B;EA175A;EA186A;298;-0.075;-0.012
1457,1516,1575;1A22;A:B;RB11A;RB243A;298;1.523;1.531
1458,1517,1576;1A22;A:B;EB12A;EB244A;298;1.373;1.381
1459,1518;1A22;A:B;RB29A;RB270A;298;0.554;0.554
1460,1519;1A22;A:B;RB30A;RB271A;298;0.568;0.568
1461,1552,1578;1A22;A:B;TB32A;TB273A;298;-0.084;-0.077
1462,1553,1579;1A22;A:B;QB33A;QB274A;298;-0.194;-0.194
1463,1520,1580;1A22;A:B;EB34A;EB275A;298;-0.099;-0.091
1464,1543,1581;1A22;A:B;WB35A;WB276A;298;0.545;0.558
1465,1544,1582;1A22;A:B;WB39A;WB280A;298;0.05;0.05
1466,1557,1583;1A22;A:B;SB57A;SB298A;298;-0.169;-0.161
1467,1561,1584;1A22;A:B;SB61A;SB302A;298;0.021;0.028
1468,1562,1585;1A22;A:B;IB62A;IB303A;298;1.272;1.279
1470,1563,1586;1A22;A:B;IB64A;IB305A;298;1.35;1.358
1471,1564;1A22;A:B;PB65A;PB306A;298;2.965;2.965
1472,1588;1A22;A:B;EB79A;EB320A;298;-0.202;-0.191
1473,1589;1A22;A:B;KB80A;KB321A;298;0.08;0.09
1474,1591;1A22;A:B;SB83A;SB324A;298;0.226;0.237
1475,1526,1592;1A22;A:B;DB85A;DB326A;298;0.984;0.992
1476,1527,1593;1A22;A:B;EB86A;EB327A;298;0.786;0.793
1477,1594;1A22;A:B;DB119A;DB364A;298;1.53;1.542
1478,1595;1A22;A:B;IB120A;IB365A;298;2.154;2.164
1479,1596;1A22;A:B;QB121A;QB366A;298;0.008;0.008
1480,1597;1A22;A:B;KB122A;KB367A;298;-0.009;-0.009
1482,1598;1A22;A:B;VB126A;VB371A;298;-0.67;-0.659
1483,1600;1A22;A:B;TB150A;TB395A;298;-0.108;-0.097
1484,1601;1A22;A:B;QB171A;QB416A;298;0.884;0.896
1485,1541,1602;1A22;A:B;RB172A;RB417A;298;0.261;0.268
1486,1603;1A22;A:B;NB173A;NB418A;298;0.286;0.298
1487;1A22;A:B;SB174A;SB419A;298;0.034;0.034
1488,1515;1A22;A:B;EB10A;EB242A;298;0.705;0.705
1489,1551,1577;1A22;A:B;NB31A;NB272A;298;0.004;0.011
1490,1554;1A22;A:B;TB36A;TB277A;298;-0.026;-0.026
1491,1506;1A22;A:B;FB55S;FB296S;298;-0.041;-0.041
1492,1560;1A22;A:B;TB60A;TB301A;298;1.423;1.423
1493,1599;1A22;A:B;TB149A;TB394A;298;0.191;0.202
1494,1540;1A22;A:B;KB170A;KB415A;298;0.643;0.643
1495;1A22;A:B;RB11L;RB243L;298;0.521;0.521
1496;1A22;A:B;RB11M;RB243M;298;1;1
1514;1A22;A:B;RB7A;RB239A;298;0.269;0.269
1521;1A22;A:B;EB38A;EB279A;298;-0.079;-0.079
1522;1A22;A:B;KB40A;KB281A;298;0.144;0.144
1523;1A22;A:B;EB41A;EB282A;298;0.783;0.783
1524;1A22;A:B;EB50A;EB291A;298;0.178;0.178
1525;1A22;A:B;KB69A;KB310A;298;0.043;0.043
1528;1A22;A:B;DB91A;DB332A;298;1.085;1.085
1529;1A22;A:B;EB128A;EB373A;298;0.083;0.083
1530;1A22;A:B;EB130A;EB375A;298;-0.079;-0.079
1531;1A22;A:B;KB134A;KB379A;298;0;0
1532;1A22;A:B;EB135A;EB380A;298;0.199;0.199
1533;1A22;A:B;KB158A;KB403A;298;0.24;0.24
1534;1A22;A:B;DB160A;DB405A;298;-0.046;-0.046
1535;1A22;A:B;KB161A;KB406A;298;0.199;0.199
1536;1A22;A:B;EB162A;EB407A;298;-0.079;-0.079
1537;1A22;A:B;EB164A;EB409A;298;-0.062;-0.062
1538;1A22;A:B;RB166A;RB411A;298;0.056;0.056
1539;1A22;A:B;RB168A;RB413A;298;-0.19;-0.19
1542;1A22;A:B;EB179A;EB424A;298;0.108;0.108
1546;1A22;A:B;WB63F;WB304F;298;2.784;2.784
1547;1A22;A:B;YB54A;YB295A;298;0.199;0.199
1548;1A22;A:B;PB9A;PB241A;298;0.26;0.26
1549;1A22;A:B;SB15A;SB247A;298;-0.015;-0.015
1550;1A22;A:B;TB19A;TB251A;298;0.07;0.07
1555;1A22;A:B;QB37A;QB278A;298;-0.41;-0.41
1556;1A22;A:B;NB56A;NB297A;298;-0.255;-0.255
1558;1A22;A:B;SB58A;SB299A;298;-0.507;-0.507
1559;1A22;A:B;FB59A;FB300A;298;-0.015;-0.015
1565;1A22;A:B;VB84A;VB325A;298;1.142;1.142
1566;1A22;A:B;IB87A;IB328A;298;0.588;0.588
1567;1A22;A:B;VB88A;VB329A;298;-0.046;-0.046
1568;1A22;A:B;QB89A;QB330A;298;-0.03;-0.03
1587;1A22;A:B;CB67A;CB308A;298;0;0
1590;1A22;A:B;CB81A;CB322A;298;0;0
1605;1A22;A:B;TA3A;TA3A;298;-0.055;-0.05
1606;1A22;A:B;IA4A;IA4A;298;0.41;0.409
1607;1A22;A:B;PA5A;PA5A;298;0.436;0.43
1608;1A22;A:B;LA6A;LA6A;298;0.639;0.599
1609;1A22;A:B;SA7A;SA7A;298;0.346;0.34
1610;1A22;A:B;RA8A;RA8A;298;0.204;0.2
1611;1A22;A:B;LA9A;LA9A;298;-0.036;-0.04
1612;1A22;A:B;FA10A;FA10A;298;1.049;1.039
1613;1A22;A:B;NA12A;NA12A;298;0.096;0.1
1615;1A22;A:B;LA15A;LA15A;298;0.153;0.15
1616;1A22;A:B;RA16A;RA16A;298;0.24;0.238
1618;1A22;A:B;RA19A;RA19A;298;0.05;0.051
1619;1A22;A:B;FA54A;FA54A;298;0.879;0.869
1620;1A22;A:B;SA55A;SA55A;298;0.111;0.11
1622;1A22;A:B;SA57A;SA57A;298;0.204;0.2
1623;1A22;A:B;IA58A;IA58A;298;1.659;1.638
1624;1A22;A:B;PA59A;PA59A;298;0.384;0.38
1629;1A22;A:B;EA66A;EA66A;298;0.436;0.43
1631;1A22;A:B;QA69A;QA69A;298;-0.055;-0.05
1632;1A22;A:B;KA70A;KA70A;298;0.521;0.521
1633;1A22;A:B;SA71A;SA71A;298;0.41;0.409
1634;1A22;A:B;LA73A;LA73A;298;-0.206;-0.2
1644;1A22;A:B;VA169A;VA180A;298;0;0
1645;1A22;A:B;QA170A;QA181A;298;0.274;0.27
1646;1A22;A:B;CA171A;CA182A;298;1.019;1.01
1648;1A22;A:B;SA173A;SA184A;298;-0.055;-0.05
1649;1A22;A:B;VA174A;VA185A;298;0.879;0.869
1651;1A22;A:B;GA176A;GA187A;298;0.346;0.34
1652;1A22;A:B;SA177A;SA188A;298;-0.206;-0.2
1653;1A22;A:B;FA180A;FA191A;298;0.192;0.191
1882;1F47;A:B;DA4A;DA4A;298;0.691;0.691
1883;1F47;A:B;YA5A;YA5A;298;0.869;0.869
1884;1F47;A:B;LA6A;LA6A;298;0.925;0.925
1885;1F47;A:B;DA7A;DA7A;298;1.733;1.733
1886;1F47;A:B;IA8A;IA8A;298;2.515;2.515
1887;1F47;A:B;PA9A;PA9A;298;-0.058;-0.058
1888;1F47;A:B;FA11A;FA11A;298;2.444;2.444
1889;1F47;A:B;LA12A;LA12A;298;2.294;2.294
1890;1F47;A:B;KA14A;KA14A;298;-0.043;-0.043
1891;1F47;A:B;QA15A;QA15A;298;-0.046;-0.046
1892;1F47;A:B;DA7S;DA7S;298;2.064;2.064
1893;1F47;A:B;DA7G;DA7G;298;1.139;1.139
1894;1FCC;A:C;TC25A;TC25A;298;0.24;0.24
1896;1FCC;A:C;KC28A;KC28A;298;1.256;1.256
1897;1FCC;A:C;KC31A;KC31A;298;3.476;3.476
1898;1FCC;A:C;NC35A;NC35A;298;2.364;2.364
1899;1FCC;A:C;DC40A;DC40A;298;0.272;0.272
1900;1FCC;A:C;EC42A;EC42A;298;0.385;0.385
1901;1FCC;A:C;WC43A;WC43A;298;3.771;3.771
1903;1GC1;C:G;KC1A;KC1A;298;0.062;0.062
1904;1GC1;C:G;KC2A;KC2A;298;-0.017;-0.017
1905;1GC1;C:G;KC7A;KC7A;298;0.997;0.997
1906;1GC1;C:G;KC8A;KC8A;298;0.105;0.105
1907;1GC1;C:G;DC10A;DC10A;298;0;0
1908;1GC1;C:G;TC11A;TC11A;298;0;0
1910;1GC1;C:G;TC15A;TC15A;298;0.322;0.322
1911;1GC1;C:G;TC17A;TC17A;298;-0.128;-0.128
1912;1GC1;C:G;SC19A;SC19A;298;0;0
1913;1GC1;C:G;QC20A;QC20A;298;-0.017;-0.017
1914;1GC1;C:G;KC21A;KC21A;298;-0.128;-0.128
1915;1GC1;C:G;KC22A;KC22A;298;0.24;0.24
1916;1GC1;C:G;SC23A;SC23A;298;0.293;0.293
1917;1GC1;C:G;QC25A;QC25A;298;0.032;0.032
1918;1GC1;C:G;HC27A;HC27A;298;0.282;0.282
1920;1GC1;C:G;KC29A;KC29A;298;0.536;0.536
1921;1GC1;C:G;NC30A;NC30A;298;0.17;0.17
1922;1GC1;C:G;SC31A;SC31A;298;0.105;0.105
1923;1GC1;C:G;NC32A;NC32A;298;0.183;0.183
1924;1GC1;C:G;QC33A;QC33A;298;0.105;0.105
1925;1GC1;C:G;KC35A;KC35A;298;0.322;0.322
1928;1GC1;C:G;NC39A;NC39A;298;0.465;0.465
1929;1GC1;C:G;QC40A;QC40A;298;-0.41;-0.41
1930;1GC1;C:G;SC42A;SC42A;298;0;0
1931;1GC1;C:G;LC44A;LC44A;298;1.056;1.056
1932;1GC1;C:G;TC45A;TC45A;298;-0.149;-0.149
1933;1GC1;C:G;KC46A;KC46A;298;1.43;1.43
1934;1GC1;C:G;SC49A;SC49A;298;0.611;0.611
1935;1GC1;C:G;KC50A;KC50A;298;0.047;0.047
1936;1GC1;C:G;LC51A;LC51A;298;1.233;1.233
1937;1GC1;C:G;NC52A;NC52A;298;0.708;0.708
1938;1GC1;C:G;DC53A;DC53A;298;0.303;0.303
1940;1GC1;C:G;DC56A;DC56A;298;-0.07;-0.07
1941;1GC1;C:G;RC58A;RC58A;298;0.132;0.132
1943;1GC1;C:G;RC59A;RC59A;298;1.175;1.175
1944;1GC1;C:G;SC60A;SC60A;298;-0.089;-0.089
1946;1GC1;C:G;DC63A;DC63A;298;-0.319;-0.319
1947;1GC1;C:G;QC64A;QC64A;298;0.442;0.442
1948;1GC1;C:G;NC66A;NC66A;298;-0.034;-0.034
1949;1GC1;C:G;KC72A;KC72A;298;-0.017;-0.017
1950;1GC1;C:G;NC73A;NC73A;298;-0.108;-0.108
1951;1GC1;C:G;KC75A;KC75A;298;0.158;0.158
1952;1GC1;C:G;EC77A;EC77A;298;0.562;0.562
1957;1GC1;C:G;YC82A;YC82A;298;1.29;1.29
1958;1GC1;C:G;EC85A;EC85A;298;1.323;1.323
1959;1GC1;C:G;VC86A;VC86A;298;-0.07;-0.07
1960;1GC1;C:G;EC87A;EC87A;298;0.218;0.218
1961;1GC1;C:G;DC88A;DC88A;298;-0.07;-0.07
1962;1GC1;C:G;QC89A;QC89A;298;0.17;0.17
1963;1GC1;C:G;KC90A;KC90A;298;0.047;0.047
1964;1GC1;C:G;EC91A;EC91A;298;-0.128;-0.128
1965;1GC1;C:G;EC92A;EC92A;298;0.016;0.016
1966;1GC1;C:G;QC94A;QC94A;298;-0.108;-0.108
1967;1GC1;C:G;QC89L;QC89L;298;-0.311;-0.311
1970;1JRH;HL:I;TI4V;TI14V;298;-0.026;-0.026
1974;1JRH;HL:I;EI35Q;EI45Q;298;0.1;0.1
1980;1JRH;HL:I;EL27A;EL27A;298;0.543;0.543
1981;1JRH;HL:I;DL28A;DL28A;298;0.435;0.435
1982;1JRH;HL:I;YL30A;YL30A;298;1.108;1.108
1983;1JRH;HL:I;YL91A;YL91A;298;0.581;0.581
1984;1JRH;HL:I;WL92A;WL92A;298;2.818;2.818
1985;1JRH;HL:I;SL93A;SL93A;298;-0.651;-0.651
1986;1JRH;HL:I;TL94A;TL94A;298;0.385;0.385
1987;1JRH;HL:I;WL95A;WL96A;298;1.666;1.666
1988;1JRH;HL:I;YH32A;YH32A;298;1.433;1.433
1989;1JRH;HL:I;WH54A;WH52A;298;2.686;2.686
1990;1JRH;HL:I;WH55A;WH53A;298;2.421;2.421
1991;1JRH;HL:I;DH56A;DH54A;298;1.886;1.886
1992;1JRH;HL:I;DH57A;DH55A;298;1.666;1.666
1993;1JRH;HL:I;DH58A;DH56A;298;1.855;1.855
1994;1JRH;HL:I;YH60A;YH58A;298;1.256;1.256
1995;1JRH;HL:I;RH100A;RH95A;298;0.543;0.543
1996;1JRH;HL:I;FH103A;FH98A;298;0;0
1997;1JRH;HL:I;YH104A;YH99A;298;1.061;1.061
1998;1JRH;HL:I;HH107A;HH100bA;298;1.698;1.698
2003;1JRH;HL:I;EI45P;EI55P;298;-3.788;-3.788
2004,2025;1JRH;HL:I;KI37A;KI47A;298;3.714;3.714
2005;1JRH;HL:I;KI37M;KI47M;298;3.292;3.292
2006,2026;1JRH;HL:I;NI38A;NI48A;298;0.17;0.17
2007,2027;1JRH;HL:I;NI38Q;NI48Q;298;0.534;0.534
2008,2028;1JRH;HL:I;YI39A;YI49A;298;3.527;3.527
2009,2029;1JRH;HL:I;YI39F;YI49F;298;0.908;0.908
2010,2030;1JRH;HL:I;GI40A;GI50A;298;4.45;4.45
2011,2031;1JRH;HL:I;VI41A;VI51A;298;1.68;1.68
2012,2032;1JRH;HL:I;KI42A;KI52A;298;3.386;3.386
2013;1JRH;HL:I;KI42M;KI52M;298;4.912;4.912
2014,2033;1JRH;HL:I;NI43A;NI53A;298;4.3;4.3
2015,2034;1JRH;HL:I;SI44A;SI54A;298;0.378;0.378
2016,2035;1JRH;HL:I;EI45A;EI55A;298;-0.566;-0.566
2017,2036;1JRH;HL:I;WI46F;WI56F;298;-0.252;-0.252
2018,2037;1JRH;HL:I;WI46Y;WI56Y;298;0.298;0.298
2019,2038;1JRH;HL:I;NI69A;NI79A;298;-0.2;-0.2
2020,2039;1JRH;HL:I;WI72A;WI82A;298;4.429;4.429
2021,2040;1JRH;HL:I;WI72F;WI82F;298;1.102;1.102
2022,2041;1JRH;HL:I;WI72Y;WI82Y;298;1.188;1.188
2023,2042;1JRH;HL:I;RI74A;RI84A;298;0.393;0.393
2024,2043;1JRH;HL:I;KI88A;KI98A;298;0.312;0.312
2045,2075;1DAN;HL:TU;WT40A;WT45A;304;1.965;1.965
2046,3105;1DAN;HL:TU;ST42A;ST47A;304;-0.044;-0.044
2047;1DAN;HL:TU;VT28A;VT33A;310;-0.193;-0.193
2048;1DAN;HL:TU;YT46A;YT51A;310;-0.132;-0.132
2049;1DAN;HL:TU;FT71A;FT76A;310;1.149;1.149
2050;1DAN;HL:TU;YT73A;YT78A;310;0.653;0.653
2051;1DAN;HL:TU;PU2A;PU92A;310;-0.193;-0.193
2052,3094;1DAN;HL:TU;YU4A;YU94A;304;0.674;0.674
2053;1DAN;HL:TU;VT31A;VT36A;310;-0.132;-0.132
2054,3113;1DAN;HL:TU;QT32A;QT37A;304;0.652;0.652
2055;1DAN;HL:TU;IT33A;IT38A;310;-0.132;-0.132
2056;1DAN;HL:TU;GT38A;GT43A;310;0.067;0.067
2057,3104;1DAN;HL:TU;KT43A;KT48A;304;0.686;0.686
2059;1DAN;HL:TU;TT55A;TT60A;310;2.313;2.313
2062,2074,3109;1DAN;HL:TU;DT39A;DT44A;302;1.438;1.519
2069;1DAN;HL:TU;RH125A;RH134A;296;0.744;0.744
2070;1DAN;HL:TU;MH154A;MH164A;296;0.739;0.739
2071;1DAN;HL:TU;KH189A;KH192A;296;-0.185;-0.185
2072;1DAN;HL:TU;LH135A;LH144A;296;0.016;0.016
2073,3121;1DAN;HL:TU;KT15A;KT20A;298;2.512;2.512
2076,3106;1DAN;HL:TU;KT41A;KT46A;298;0.563;0.563
2077;1DAN;HL:TU;QU20A;QU110A;298;1.305;1.305
2078,3084;1DAN;HL:TU;RU45A;RU135A;298;0.752;0.752
2079,3081;1DAN;HL:TU;FU50A;FU140A;298;1.748;1.748
2080,3057;1DAN;HL:TU;VU113A;VU207A;298;0.69;0.69
2081;1DAN;HL:TU;ST11A;ST16A;298;-0.13;-0.13
2082;1DAN;HL:TU;LT54A;LT59A;298;0;0
2083;1DAN;HL:TU;DT56A;DT61A;298;0.242;0.242
2084;1DAN;HL:TU;ET57A;ET62A;298;0;0
2085;1DAN;HL:TU;IT58A;IT63A;298;0;0
2086;1DAN;HL:TU;VT59A;VT64A;298;0;0
2087;1DAN;HL:TU;QT64A;QT69A;298;0;0
2088;1DAN;HL:TU;LT67A;LT72A;298;-0.06;-0.06
2089;1DAN;HL:TU;EU15A;EU105A;298;-0.06;-0.06
2090;1DAN;HL:TU;TU16A;TU106A;298;-0.06;-0.06
2091;1DAN;HL:TU;NU17A;NU107A;298;0;0
2092;1DAN;HL:TU;RU41A;RU131A;298;0;0
2093;1DAN;HL:TU;TU42A;TU132A;298;0;0
2094;1DAN;HL:TU;RU46A;RU136A;298;-0.06;-0.06
2095;1DAN;HL:TU;NU48A;NU138A;298;0;0
2096;1DAN;HL:TU;VU56A;VU146A;298;0.199;0.199
2097;1DAN;HL:TU;FU57A;FU147A;298;-0.06;-0.06
2098;1DAN;HL:TU;YU67A;YU157A;298;0;0
2099;1DAN;HL:TU;VU85A;VU179A;298;0.11;0.11
2100;1DAN;HL:TU;RU102A;RU196A;298;0.46;0.46
2101;1DAN;HL:TU;TU103A;TU197A;298;0.11;0.11
2102;1DAN;HL:TU;VU104A;VU198A;298;0.11;0.11
2103;1DAN;HL:TU;NU105A;NU199A;298;0;0
2104;1NMB;HL:N;DH57N;DH56N;298;2.954;2.954
2105;1NMB;HL:N;DH57E;DH56E;298;2.954;2.954
2106;1NMB;HL:N;YH103A;YH99A;298;2.141;2.141
2107;1NMB;HL:N;YH105F;YH100aF;298;1.419;1.419
2108;1NMB;HL:N;YL32F;YL32F;298;0.466;0.466
2109;1NMB;HL:N;TL93F;TL93F;298;-0.024;-0.024
2110;1NMB;HL:N;TL93W;TL93W;298;0.184;0.184
2111;1NMB;HL:N;LL94V;LL94V;298;0.9;0.9
2112;1VFB;AB:C;DC18A;DC18A;298;0.34;0.34
2113;1VFB;AB:C;NC19A;NC19A;298;0.396;0.396
2114;1VFB;AB:C;YC23A;YC23A;298;0.41;0.41
2115;1VFB;AB:C;SC24A;SC24A;298;0.851;0.851
2116;1VFB;AB:C;KC116A;KC116A;298;0.713;0.713
2117;1VFB;AB:C;TC118A;TC118A;298;0.765;0.765
2118;1VFB;AB:C;DC119A;DC119A;298;0.953;0.953
2119;1VFB;AB:C;VC120A;VC120A;298;0.917;0.917
2120;1VFB;AB:C;QC121A;QC121A;298;2.877;2.877
2121;1VFB;AB:C;IC124A;IC124A;298;1.231;1.231
2122;1VFB;AB:C;RC125A;RC125A;298;1.837;1.837
2123;1VFB;AB:C;LC129A;LC129A;298;0.172;0.172
2147,2255;3HFM;HL:Y;YY20A;YY20A;298;4.574;4.574
2148;3HFM;HL:Y;NL32A;NL32A;298;5.107;5.107
2150,2262;3HFM;HL:Y;KY96A;KY96A;298;6.737;6.988
2151;3HFM;HL:Y;NL31A;NL31A;298;5.214;5.214
2153;3HFM;HL:Y;NL31D;NL31D;298;1.343;1.343
2154;3HFM;HL:Y;NL31E;NL31E;298;5.707;5.707
2155;3HFM;HL:Y;YL50A;YL50A;298;4.558;4.558
2156;3HFM;HL:Y;YL50L;YL50L;298;4.393;4.393
2157;3HFM;HL:Y;YL50F;YL50F;298;2.355;2.355
2166,2237;3HFM;HL:Y;KY97A;KY97A;298;5.861;5.861
2167;3HFM;HL:Y;YH33A;YH33A;298;6.035;6.035
2172;3HFM;HL:Y;WH98F;WH98F;298;3.246;3.246
2174;3HFM;HL:Y;WH98A;WH98A;298;5.511;5.511
2179;3HFM;HL:Y;DH32A;DH32A;298;1.898;1.898
2182;3HFM;HL:Y;DH32N;DH32N;298;0.17;0.17
2185,2240;3HFM;HL:Y;KY97M;KY97M;298;0.947;0.947
2186,2228,2256;3HFM;HL:Y;RY21A;RY21A;298;0.903;0.903
2187;3HFM;HL:Y;SH31A;SH31A;298;0.17;0.17
2188;3HFM;HL:Y;YH50A;YH50A;298;7.32;7.32
2190;3HFM;HL:Y;QL53A;QL53A;298;0.953;0.953
2191;3HFM;HL:Y;YL96A;YL96A;298;2.707;2.707
2194;3HFM;HL:Y;YL96F;YL96F;298;1.402;1.402
2195;3HFM;HL:Y;YH53W;YH53W;303;0.706;0.706
2196;3HFM;HL:Y;YH53F;YH53F;303;0.62;0.62
2197;3HFM;HL:Y;YH53L;YH53L;303;0.807;0.807
2198;3HFM;HL:Y;YH53A;YH53A;303;3.25;3.25
2199;3HFM;HL:Y;YH33W;YH33W;303;1.75;1.75
2200;3HFM;HL:Y;YH33F;YH33F;303;1.071;1.071
2201;3HFM;HL:Y;YH33L;YH33L;303;2.007;2.007
2202;3HFM;HL:Y;YH50F;YH50F;303;1.61;1.61
2203;3HFM;HL:Y;YH50L;YH50L;303;2.849;2.849
2204;3HFM;HL:Y;YH58F;YH58F;303;0.363;0.363
2205;3HFM;HL:Y;YH58L;YH58L;303;1.514;1.514
2206;3HFM;HL:Y;YH58A;YH58A;303;1.676;1.676
2207,2242;3HFM;HL:Y;DY101G;DY101G;298;0.359;0.359
2208,2243,2265;3HFM;HL:Y;DY101A;DY101A;298;1.232;1.228
2209,2245;3HFM;HL:Y;DY101N;DY101N;298;1.491;1.491
2210,2244;3HFM;HL:Y;DY101S;DY101S;298;1.87;1.87
2211,2247;3HFM;HL:Y;DY101Q;DY101Q;298;2.085;2.085
2212,2250;3HFM;HL:Y;DY101R;DY101R;298;2.28;2.28
2213,2246;3HFM;HL:Y;DY101E;DY101E;298;2.132;2.132
2214,2249;3HFM;HL:Y;DY101F;DY101F;298;2.328;2.328
2215,2248;3HFM;HL:Y;DY101K;DY101K;298;2.124;2.124
2216,2235;3HFM;HL:Y;RY21W;RY21W;298;2.132;2.132
2217,2231;3HFM;HL:Y;RY21Q;RY21Q;298;2.398;2.398
2218,2230;3HFM;HL:Y;RY21E;RY21E;298;2.453;2.453
2219,2227;3HFM;HL:Y;RY21G;RY21G;298;2.422;2.421
2220,2229;3HFM;HL:Y;RY21N;RY21N;298;2.328;2.328
2221,2232;3HFM;HL:Y;RY21H;RY21H;298;2.169;2.169
2222,2234;3HFM;HL:Y;RY21K;RY21K;298;1.766;1.759
2223;3HFM;HL:Y;NY19K;NY19K;298;0.24;0.24
2224;3HFM;HL:Y;NY19Q;NY19Q;298;-0.042;-0.042
2225;3HFM;HL:Y;NY19D;NY19D;298;0.41;0.41
2226,2253;3HFM;HL:Y;GY102V;GY102V;298;0.395;0.395
2233;3HFM;HL:Y;RY21M;RY21M;298;2.05;2.05
2236;3HFM;HL:Y;KY97G;KY97G;298;6.431;6.431
2238;3HFM;HL:Y;KY97D;KY97D;298;6.768;6.768
2239;3HFM;HL:Y;KY97E;KY97E;298;3.605;3.605
2241;3HFM;HL:Y;KY97R;KY97R;298;3.053;3.053
2251,2266;3HFM;HL:Y;YY20F;YY20F;298;-0.484;-0.484
2252;3HFM;HL:Y;KY96M;KY96M;298;6.777;6.777
2254;3HFM;HL:Y;HY15A;HY15A;298;-0.445;-0.445
2257;3HFM;HL:Y;WY63A;WY63A;298;0.319;0.319
2258;3HFM;HL:Y;RY73A;RY73A;298;-0.331;-0.331
2259;3HFM;HL:Y;LY75A;LY75A;298;0.704;0.704
2260;3HFM;HL:Y;TY89A;TY89A;298;0;0
2261;3HFM;HL:Y;NY93A;NY93A;298;0.211;0.211
2263;3HFM;HL:Y;IY98A;IY98A;298;0;0
2264;3HFM;HL:Y;SY100A;SY100A;298;0.268;0.268
2267;3HFM;HL:Y;YY20L;YY20L;298;2.185;2.185
2268;3HFM;HL:Y;KY96R;KY96R;298;5.353;5.353
2269;1CHO;EFG:I;LI15G;LI18G;294;6.001;6.001
2270,3250;1CHO;EFG:I;LI15A;LI18A;294;4.782;4.782
2271;1CHO;EFG:I;LI15S;LI18S;294;4.918;4.918
2272;1CHO;EFG:I;LI15C;LI18C;294;2.606;2.606
2273;1CHO;EFG:I;LI15V;LI18V;294;4.214;4.214
2274;1CHO;EFG:I;LI15T;LI18T;294;4.423;4.423
2275;1CHO;EFG:I;LI15P;LI18P;294;8.68;8.68
2276;1CHO;EFG:I;LI15I;LI18I;294;4.417;4.417
2277,3196;1CHO;EFG:I;LI15M;LI18M;294;0.348;0.348
2278;1CHO;EFG:I;LI15N;LI18N;294;3.31;3.31
2279;1CHO;EFG:I;LI15D;LI18D;294;7.102;7.102
2280,3249;1CHO;EFG:I;LI15K;LI18K;294;4.312;4.312
2281,3252;1CHO;EFG:I;LI15Q;LI18Q;294;3.21;3.21
2282,3251;1CHO;EFG:I;LI15E;LI18E;294;6.662;6.662
2283;1CHO;EFG:I;LI15H;LI18H;294;2.959;2.959
2284;1CHO;EFG:I;LI15F;LI18F;294;-1.481;-1.481
2285;1CHO;EFG:I;LI15R;LI18R;294;3.951;3.951
2286;1CHO;EFG:I;LI15Y;LI18Y;294;-2.194;-2.194
2287;1CHO;EFG:I;LI15W;LI18W;294;-1.668;-1.668
2288;1PPF;E:I;LI18G;LI18G;294;3.287;3.287
2289,3495;1PPF;E:I;LI18A;LI18A;294;1.002;1.002
2290;1PPF;E:I;LI18S;LI18S;294;3.049;3.049
2291;1PPF;E:I;LI18C;LI18C;294;-0.088;-0.088
2292;1PPF;E:I;LI18V;LI18V;294;-0.486;-0.486
2293;1PPF;E:I;LI18T;LI18T;294;0.903;0.903
2294;1PPF;E:I;LI18P;LI18P;294;6.062;6.062
2295;1PPF;E:I;LI18I;LI18I;294;-0.723;-0.723
2296,3455;1PPF;E:I;LI18M;LI18M;294;1.225;1.225
2297;1PPF;E:I;LI18N;LI18N;294;5.153;5.153
2298;1PPF;E:I;LI18D;LI18D;294;7.508;7.508
2299,3494;1PPF;E:I;LI18K;LI18K;294;5.614;5.614
2300,3497;1PPF;E:I;LI18Q;LI18Q;294;3.301;3.301
2301,3496;1PPF;E:I;LI18E;LI18E;294;6.966;6.966
2302;1PPF;E:I;LI18H;LI18H;294;6.382;6.382
2303;1PPF;E:I;LI18F;LI18F;294;5.098;5.098
2304;1PPF;E:I;LI18R;LI18R;294;7.085;7.085
2305;1PPF;E:I;LI18Y;LI18Y;294;6.544;6.544
2306;1PPF;E:I;LI18W;LI18W;294;7.44;7.44
2307;1R0R;E:I;LI13G;LI18G;294;2.32;2.32
2308,3338;1R0R;E:I;LI13A;LI18A;294;0.414;0.414
2309;1R0R;E:I;LI13S;LI18S;294;1.549;1.549
2310;1R0R;E:I;LI13C;LI18C;294;-1.328;-1.328
2311;1R0R;E:I;LI13V;LI18V;294;2.127;2.127
2312;1R0R;E:I;LI13T;LI18T;294;0.158;0.158
2313;1R0R;E:I;LI13P;LI18P;294;7.581;7.581
2314;1R0R;E:I;LI13I;LI18I;294;3.209;3.209
2315,3286;1R0R;E:I;LI13M;LI18M;294;-0.509;-0.509
2316;1R0R;E:I;LI13N;LI18N;294;1.48;1.48
2317;1R0R;E:I;LI13D;LI18D;294;4.476;4.476
2318,3337;1R0R;E:I;LI13K;LI18K;294;3.052;3.052
2319,3340;1R0R;E:I;LI13Q;LI18Q;294;0.585;0.585
2320,3339;1R0R;E:I;LI13E;LI18E;294;2.121;2.121
2321;1R0R;E:I;LI13H;LI18H;294;0.562;0.562
2322;1R0R;E:I;LI13F;LI18F;294;0.608;0.608
2323;1R0R;E:I;LI13R;LI18R;294;2.895;2.895
2324;1R0R;E:I;LI13Y;LI18Y;294;0.441;0.441
2325;1R0R;E:I;LI13W;LI18W;294;1.503;1.503
2326;3SGB;E:I;LI12G;LI18G;294;4.934;4.934
2327,3428;3SGB;E:I;LI12A;LI18A;294;2.932;2.932
2328;3SGB;E:I;LI12S;LI18S;294;4.101;4.101
2329;3SGB;E:I;LI12C;LI18C;294;-0.013;-0.013
2330;3SGB;E:I;LI12V;LI18V;294;2.992;2.998
2331;3SGB;E:I;LI12T;LI18T;294;3.16;3.16
2332;3SGB;E:I;LI12P;LI18P;294;8.329;8.329
2333;3SGB;E:I;LI12I;LI18I;294;4.419;4.419
2334,3373;3SGB;E:I;LI12M;LI18M;294;0.447;0.447
2335;3SGB;E:I;LI12N;LI18N;294;3.353;3.353
2336;3SGB;E:I;LI12D;LI18D;294;5.59;5.59
2337;3SGB;E:I;LI12K;LI18K;294;3.138;3.138
2338,3430;3SGB;E:I;LI12Q;LI18Q;294;2.51;2.51
2339,3429;3SGB;E:I;LI12E;LI18E;294;6.09;6.09
2340;3SGB;E:I;LI12H;LI18H;294;1.69;1.69
2341;3SGB;E:I;LI12F;LI18F;294;1.355;1.355
2342;3SGB;E:I;LI12R;LI18R;294;3.32;3.32
2343;3SGB;E:I;LI12Y;LI18Y;294;1.653;1.653
2344;3SGB;E:I;LI12W;LI18W;294;1.839;1.839
2345;1CHO;EFG:I;AI12G;AI15G;294;0.065;0.065
2346;1CHO;EFG:I;AI12S;AI15S;294;0.065;0.065
2347;1CHO;EFG:I;AI12C;AI15C;294;-0.322;-0.322
2348,3246;1CHO;EFG:I;AI12V;AI15V;294;0.926;0.926
2349;1CHO;EFG:I;AI12T;AI15T;294;0.956;0.956
2350;1CHO;EFG:I;AI12P;AI15P;294;3.066;3.066
2351;1CHO;EFG:I;AI12L;AI15L;294;0.139;0.139
2352;1CHO;EFG:I;AI12I;AI15I;294;0.646;0.646
2353;1CHO;EFG:I;AI12M;AI15M;294;0.139;0.139
2354;1CHO;EFG:I;AI12N;AI15N;294;-0.285;-0.285
2355;1CHO;EFG:I;AI12D;AI15D;294;0;0
2356;1CHO;EFG:I;AI12K;AI15K;294;2.464;2.464
2357;1CHO;EFG:I;AI12Q;AI15Q;294;0.436;0.436
2358;1CHO;EFG:I;AI12E;AI15E;294;0.222;0.222
2359;1CHO;EFG:I;AI12H;AI15H;294;-0.322;-0.322
2360;1CHO;EFG:I;AI12F;AI15F;294;-0.725;-0.725
2361;1CHO;EFG:I;AI12R;AI15R;294;0.462;0.462
2362;1CHO;EFG:I;AI12Y;AI15Y;294;-0.863;-0.863
2363;1CHO;EFG:I;AI12W;AI15W;294;-1.899;-1.899
2364;1PPF;E:I;AI15G;AI15G;294;1.122;1.122
2365;1PPF;E:I;AI15S;AI15S;294;0.746;0.746
2366;1PPF;E:I;AI15C;AI15C;294;-0.664;-0.664
2367,3491;1PPF;E:I;AI15V;AI15V;294;0.198;0.198
2368;1PPF;E:I;AI15T;AI15T;294;0.949;0.949
2369;1PPF;E:I;AI15P;AI15P;294;1.968;1.968
2370;1PPF;E:I;AI15L;AI15L;294;0.018;0.018
2371;1PPF;E:I;AI15I;AI15I;294;0.325;0.325
2372;1PPF;E:I;AI15M;AI15M;294;-0.396;-0.396
2373;1PPF;E:I;AI15N;AI15N;294;0.903;0.903
2374;1PPF;E:I;AI15D;AI15D;294;1.122;1.122
2375;1PPF;E:I;AI15K;AI15K;294;1.112;1.112
2376;1PPF;E:I;AI15Q;AI15Q;294;0.246;0.246
2377;1PPF;E:I;AI15E;AI15E;294;0.104;0.104
2378;1PPF;E:I;AI15H;AI15H;294;0.545;0.545
2379;1PPF;E:I;AI15F;AI15F;294;-0.072;-0.072
2380;1PPF;E:I;AI15R;AI15R;294;-0.261;-0.261
2381;1PPF;E:I;AI15Y;AI15Y;294;-0.183;-0.183
2382;1PPF;E:I;AI15W;AI15W;294;-0.632;-0.632
2383;1R0R;E:I;AI10G;AI15G;294;1.096;1.096
2384;1R0R;E:I;AI10S;AI15S;294;1.718;1.718
2385;1R0R;E:I;AI10C;AI15C;294;-0.477;-0.477
2386,3334;1R0R;E:I;AI10V;AI15V;294;-0.956;-0.956
2387;1R0R;E:I;AI10T;AI15T;294;1.251;1.251
2388;1R0R;E:I;AI10P;AI15P;294;3.299;3.299
2389;1R0R;E:I;AI10L;AI15L;294;-1.731;-1.731
2390;1R0R;E:I;AI10I;AI15I;294;-1.775;-1.775
2391;1R0R;E:I;AI10M;AI15M;294;-1.716;-1.716
2392;1R0R;E:I;AI10N;AI15N;294;2.06;2.066
2393;1R0R;E:I;AI10D;AI15D;294;5.156;5.156
2394;1R0R;E:I;AI10K;AI15K;294;3.03;3.03
2395;1R0R;E:I;AI10Q;AI15Q;294;1.786;1.786
2396;1R0R;E:I;AI10E;AI15E;294;4.514;4.514
2397;1R0R;E:I;AI10H;AI15H;294;1.75;1.75
2398;1R0R;E:I;AI10F;AI15F;294;-2.212;-2.212
2399;1R0R;E:I;AI10R;AI15R;294;5.454;5.454
2400;1R0R;E:I;AI10Y;AI15Y;294;-0.827;-0.827
2401;1R0R;E:I;AI10W;AI15W;294;0.204;0.204
2402;3SGB;E:I;AI9G;AI15G;294;2.452;2.452
2403;3SGB;E:I;AI9S;AI15S;294;0.898;0.898
2404;3SGB;E:I;AI9C;AI15C;294;0.041;0.041
2405,3425;3SGB;E:I;AI9V;AI15V;294;-0.712;-0.712
2406;3SGB;E:I;AI9T;AI15T;294;0.326;0.326
2407;3SGB;E:I;AI9P;AI15P;294;0.545;0.545
2408;3SGB;E:I;AI9L;AI15L;294;0.166;0.166
2409;3SGB;E:I;AI9I;AI15I;294;-0.447;-0.447
2410;3SGB;E:I;AI9M;AI15M;294;0.088;0.088
2411;3SGB;E:I;AI9N;AI15N;294;-0.088;-0.088
2412;3SGB;E:I;AI9D;AI15D;294;0.47;0.47
2413;3SGB;E:I;AI9K;AI15K;294;2.457;2.457
2414;3SGB;E:I;AI9Q;AI15Q;294;0.424;0.424
2415;3SGB;E:I;AI9E;AI15E;294;0.662;0.662
2416;3SGB;E:I;AI9H;AI15H;294;-0.447;-0.447
2417;3SGB;E:I;AI9F;AI15F;294;-1.164;-1.164
2418;3SGB;E:I;AI9R;AI15R;294;2.007;2.007
2419;3SGB;E:I;AI9Y;AI15Y;294;-1.624;-1.624
2420;3SGB;E:I;AI9W;AI15W;294;-1.532;-1.532
2421;1CHO;EFG:I;TI14G;TI17G;294;5.221;5.221
2422,3248;1CHO;EFG:I;TI14A;TI17A;294;4.18;4.18
2423,3244;1CHO;EFG:I;TI14S;TI17S;294;2.318;2.318
2424;1CHO;EFG:I;TI14C;TI17C;294;3.283;3.283
2425,3245;1CHO;EFG:I;TI14V;TI17V;294;3.38;3.38
2426;1CHO;EFG:I;TI14P;TI17P;294;4.175;4.175
2427;1CHO;EFG:I;TI14L;TI17L;294;4.355;4.355
2428;1CHO;EFG:I;TI14I;TI17I;294;3.601;3.601
2429;1CHO;EFG:I;TI14M;TI17M;294;3.9;3.9
2430;1CHO;EFG:I;TI14N;TI17N;294;4.258;4.258
2431;1CHO;EFG:I;TI14D;TI17D;294;6.726;6.726
2432;1CHO;EFG:I;TI14K;TI17K;294;4.036;4.036
2433;1CHO;EFG:I;TI14Q;TI17Q;294;3.631;3.631
2434,3242;1CHO;EFG:I;TI14E;TI17E;294;5.582;5.582
2435;1CHO;EFG:I;TI14H;TI17H;294;3.601;3.601
2436;1CHO;EFG:I;TI14F;TI17F;294;4.175;4.175
2437;1CHO;EFG:I;TI14R;TI17R;294;3.83;3.83
2438;1CHO;EFG:I;TI14Y;TI17Y;294;4.411;4.411
2439;1CHO;EFG:I;TI14W;TI17W;294;4.101;4.101
2440;1PPF;E:I;TI17G;TI17G;294;3.55;3.55
2441,3493;1PPF;E:I;TI17A;TI17A;294;3.146;3.146
2442,3489;1PPF;E:I;TI17S;TI17S;294;1.51;1.51
2443;1PPF;E:I;TI17C;TI17C;294;2.059;2.059
2444,3490;1PPF;E:I;TI17V;TI17V;294;1.492;1.492
2445;1PPF;E:I;TI17P;TI17P;294;3.032;3.032
2446;1PPF;E:I;TI17L;TI17L;294;2.248;2.248
2447;1PPF;E:I;TI17I;TI17I;294;1.461;1.473
2448;1PPF;E:I;TI17M;TI17M;294;2.468;2.468
2449;1PPF;E:I;TI17N;TI17N;294;2.661;2.661
2450;1PPF;E:I;TI17D;TI17D;294;4.855;4.855
2451;1PPF;E:I;TI17K;TI17K;294;3.342;3.342
2452;1PPF;E:I;TI17Q;TI17Q;294;1.941;1.941
2453,3487;1PPF;E:I;TI17E;TI17E;294;3.016;3.016
2454;1PPF;E:I;TI17H;TI17H;294;1.67;1.67
2455;1PPF;E:I;TI17F;TI17F;294;1.686;1.686
2456;1PPF;E:I;TI17R;TI17R;294;3.404;3.404
2457;1PPF;E:I;TI17Y;TI17Y;294;2.446;2.446
2458;1PPF;E:I;TI17W;TI17W;294;2.165;2.165
2459;1R0R;E:I;TI12G;TI17G;294;3.095;3.095
2460,3336;1R0R;E:I;TI12A;TI17A;294;0.966;0.966
2461,3332;1R0R;E:I;TI12S;TI17S;294;0.847;0.847
2462;1R0R;E:I;TI12C;TI17C;294;0.802;0.802
2463,3333;1R0R;E:I;TI12V;TI17V;294;0.994;0.994
2464;1R0R;E:I;TI12P;TI17P;294;4.881;4.881
2465;1R0R;E:I;TI12L;TI17L;294;0.659;0.659
2466;1R0R;E:I;TI12I;TI17I;294;0.255;0.255
2467;1R0R;E:I;TI12M;TI17M;294;1.313;1.313
2468;1R0R;E:I;TI12N;TI17N;294;0.018;0.018
2469;1R0R;E:I;TI12D;TI17D;294;2.848;2.848
2470;1R0R;E:I;TI12K;TI17K;294;1.907;1.907
2471;1R0R;E:I;TI12Q;TI17Q;294;2.191;2.191
2472,3330;1R0R;E:I;TI12E;TI17E;294;2.976;2.976
2473;1R0R;E:I;TI12H;TI17H;294;0.518;0.518
2474;1R0R;E:I;TI12F;TI17F;294;-0.065;-0.065
2475;1R0R;E:I;TI12R;TI17R;294;3.299;3.299
2476;1R0R;E:I;TI12Y;TI17Y;294;-0.867;-0.867
2477;1R0R;E:I;TI12W;TI17W;294;2.895;2.895
2478;3SGB;E:I;TI11G;TI17G;294;5.507;5.507
2479,3427;3SGB;E:I;TI11A;TI17A;294;3.364;3.364
2480,3423;3SGB;E:I;TI11S;TI17S;294;2.468;2.468
2481;3SGB;E:I;TI11C;TI17C;294;2.886;2.886
2482,3424;3SGB;E:I;TI11V;TI17V;294;2.229;2.229
2483;3SGB;E:I;TI11P;TI17P;294;3.138;3.138
2484;3SGB;E:I;TI11L;TI17L;294;2.437;2.437
2485;3SGB;E:I;TI11I;TI17I;294;1.729;1.729
2486;3SGB;E:I;TI11M;TI17M;294;2.007;2.007
2487;3SGB;E:I;TI11N;TI17N;294;3.209;3.209
2488;3SGB;E:I;TI11D;TI17D;294;4.887;4.887
2489;3SGB;E:I;TI11K;TI17K;294;2.007;2.007
2490;3SGB;E:I;TI11Q;TI17Q;294;2.9;2.9
2491,3421;3SGB;E:I;TI11E;TI17E;294;4.564;4.564
2492;3SGB;E:I;TI11H;TI17H;294;3.459;3.459
2493;3SGB;E:I;TI11F;TI17F;294;3.589;3.589
2494;3SGB;E:I;TI11R;TI17R;294;1.945;1.945
2495;3SGB;E:I;TI11Y;TI17Y;294;3.32;3.32
2496;3SGB;E:I;TI11W;TI17W;294;2.992;2.998
2497;1CHO;EFG:I;EI16G;EI19G;294;3.572;3.572
2498;1CHO;EFG:I;EI16A;EI19A;294;2.301;2.301
2499;1CHO;EFG:I;EI16S;EI19S;294;2.756;2.756
2500;1CHO;EFG:I;EI16C;EI19C;294;2.691;2.691
2501;1CHO;EFG:I;EI16V;EI19V;294;2.406;2.406
2502;1CHO;EFG:I;EI16T;EI19T;294;2.869;2.869
2503;1CHO;EFG:I;EI16P;EI19P;294;2.555;2.555
2504;1CHO;EFG:I;EI16L;EI19L;294;2.829;2.829
2505;1CHO;EFG:I;EI16I;EI19I;294;2.606;2.606
2506;1CHO;EFG:I;EI16M;EI19M;294;2.661;2.661
2507;1CHO;EFG:I;EI16N;EI19N;294;2.301;2.301
2508;1CHO;EFG:I;EI16D;EI19D;294;0.87;0.87
2509;1CHO;EFG:I;EI16K;EI19K;294;3.545;3.545
2510;1CHO;EFG:I;EI16Q;EI19Q;294;1.316;1.316
2511;1CHO;EFG:I;EI16H;EI19H;294;2.061;2.061
2512;1CHO;EFG:I;EI16F;EI19F;294;3.572;3.572
2513;1CHO;EFG:I;EI16R;EI19R;294;3.631;3.631
2514;1CHO;EFG:I;EI16Y;EI19Y;294;2.632;2.632
2515;1CHO;EFG:I;EI16W;EI19W;294;3.116;3.116
2516;1PPF;E:I;EI19G;EI19G;294;2.091;2.091
2517;1PPF;E:I;EI19A;EI19A;294;1.187;1.187
2518;1PPF;E:I;EI19S;EI19S;294;1.821;1.821
2519;1PPF;E:I;EI19C;EI19C;294;1.383;1.383
2520;1PPF;E:I;EI19V;EI19V;294;1.143;1.143
2521;1PPF;E:I;EI19T;EI19T;294;1.484;1.484
2522;1PPF;E:I;EI19P;EI19P;294;3.166;3.166
2523;1PPF;E:I;EI19L;EI19L;294;1.056;1.056
2524;1PPF;E:I;EI19I;EI19I;294;0.713;0.713
2525;1PPF;E:I;EI19M;EI19M;294;1.133;1.133
2526;1PPF;E:I;EI19N;EI19N;294;1.196;1.196
2527;1PPF;E:I;EI19D;EI19D;294;0.57;0.57
2528;1PPF;E:I;EI19K;EI19K;294;2.091;2.091
2529;1PPF;E:I;EI19Q;EI19Q;294;0.651;0.651
2530;1PPF;E:I;EI19H;EI19H;294;0.681;0.681
2531;1PPF;E:I;EI19F;EI19F;294;1.345;1.345
2532;1PPF;E:I;EI19R;EI19R;294;1.461;1.449
2533;1PPF;E:I;EI19Y;EI19Y;294;1.232;1.232
2534;1PPF;E:I;EI19W;EI19W;294;1.509;1.509
2535;1R0R;E:I;EI14G;EI19G;294;2.674;2.674
2536;1R0R;E:I;EI14A;EI19A;294;2.06;2.06
2537;1R0R;E:I;EI14S;EI19S;294;3.131;3.131
2538;1R0R;E:I;EI14C;EI19C;294;2.339;2.339
2539;1R0R;E:I;EI14V;EI19V;294;0.093;0.093
2540;1R0R;E:I;EI14T;EI19T;294;4.193;4.193
2541;1R0R;E:I;EI14P;EI19P;294;3.712;3.712
2542;1R0R;E:I;EI14L;EI19L;294;0.562;0.562
2543;1R0R;E:I;EI14I;EI19I;294;0.727;0.727
2544;1R0R;E:I;EI14M;EI19M;294;1.549;1.549
2545;1R0R;E:I;EI14N;EI19N;294;2.089;2.089
2546;1R0R;E:I;EI14D;EI19D;294;0.255;0.255
2547;1R0R;E:I;EI14K;EI19K;294;2.674;2.674
2548;1R0R;E:I;EI14Q;EI19Q;294;1.264;1.264
2549;1R0R;E:I;EI14H;EI19H;294;1.685;1.685
2550;1R0R;E:I;EI14F;EI19F;294;3.568;3.568
2551;1R0R;E:I;EI14R;EI19R;294;2.06;2.066
2552;1R0R;E:I;EI14Y;EI19Y;294;1.864;1.864
2553;1R0R;E:I;EI14W;EI19W;294;1.824;1.824
2554;3SGB;E:I;EI13G;EI19G;294;2.076;2.076
2555;3SGB;E:I;EI13A;EI19A;294;1.005;1.005
2556;3SGB;E:I;EI13S;EI19S;294;1.917;1.917
2557;3SGB;E:I;EI13C;EI19C;294;1.158;1.158
2558;3SGB;E:I;EI13V;EI19V;294;0.126;0.126
2559;3SGB;E:I;EI13T;EI19T;294;2.114;2.114
2560;3SGB;E:I;EI13P;EI19P;294;2.244;2.244
2561;3SGB;E:I;EI13L;EI19L;294;0.769;0.769
2562;3SGB;E:I;EI13I;EI19I;294;-0.615;-0.615
2563;3SGB;E:I;EI13M;EI19M;294;-0.187;-0.187
2564;3SGB;E:I;EI13N;EI19N;294;1.087;1.087
2565;3SGB;E:I;EI13D;EI19D;294;0.545;0.545
2566;3SGB;E:I;EI13K;EI19K;294;0.166;0.166
2567;3SGB;E:I;EI13Q;EI19Q;294;0.181;0.181
2568;3SGB;E:I;EI13H;EI19H;294;0.519;0.519
2569;3SGB;E:I;EI13F;EI19F;294;1.917;1.917
2570;3SGB;E:I;EI13R;EI19R;294;1.257;1.257
2571;3SGB;E:I;EI13Y;EI19Y;294;0.769;0.769
2572;3SGB;E:I;EI13W;EI19W;294;1.526;1.526
2573;1CHO;EFG:I;YI17G;YI20G;294;3.132;3.132
2574;1CHO;EFG:I;YI17A;YI20A;294;2.508;2.508
2575;1CHO;EFG:I;YI17S;YI20S;294;2.829;2.829
2576;1CHO;EFG:I;YI17C;YI20C;294;2.508;2.508
2577;1CHO;EFG:I;YI17V;YI20V;294;3.416;3.416
2578;1CHO;EFG:I;YI17T;YI20T;294;3.258;3.258
2579;1CHO;EFG:I;YI17P;YI20P;294;8.447;8.447
2580;1CHO;EFG:I;YI17L;YI20L;294;0.675;0.675
2581;1CHO;EFG:I;YI17I;YI20I;294;2.08;2.08
2582;1CHO;EFG:I;YI17M;YI20M;294;1.21;1.21
2583;1CHO;EFG:I;YI17N;YI20N;294;2.959;2.959
2584,3241;1CHO;EFG:I;YI17D;YI20D;294;6.118;6.118
2585;1CHO;EFG:I;YI17K;YI20K;294;3.122;3.122
2586;1CHO;EFG:I;YI17Q;YI20Q;294;3.111;3.111
2587;1CHO;EFG:I;YI17E;YI20E;294;4.946;4.946
2588,3219;1CHO;EFG:I;YI17H;YI20H;294;1.488;1.488
2589;1CHO;EFG:I;YI17F;YI20F;294;0.179;0.179
2590;1CHO;EFG:I;YI17R;YI20R;294;2.869;2.869
2591;1CHO;EFG:I;YI17W;YI20W;294;0.387;0.387
2592;1PPF;E:I;YI20G;YI20G;294;4.128;4.128
2593;1PPF;E:I;YI20A;YI20A;294;3.166;3.166
2594;1PPF;E:I;YI20S;YI20S;294;3.593;3.593
2595;1PPF;E:I;YI20C;YI20C;294;3.404;3.404
2596;1PPF;E:I;YI20V;YI20V;294;4.128;4.128
2597;1PPF;E:I;YI20T;YI20T;294;4.985;4.985
2598;1PPF;E:I;YI20P;YI20P;294;5.293;5.293
2599;1PPF;E:I;YI20L;YI20L;294;1.356;1.356
2600;1PPF;E:I;YI20I;YI20I;294;3.877;3.877
2601;1PPF;E:I;YI20M;YI20M;294;2.773;2.773
2602;1PPF;E:I;YI20N;YI20N;294;3.593;3.593
2603;1PPF;E:I;YI20D;YI20D;294;6.331;6.331
2604;1PPF;E:I;YI20K;YI20K;294;4.432;4.432
2605;1PPF;E:I;YI20Q;YI20Q;294;4.632;4.632
2606;1PPF;E:I;YI20E;YI20E;294;6.331;6.331
2607,3470;1PPF;E:I;YI20H;YI20H;294;2.383;2.383
2608;1PPF;E:I;YI20F;YI20F;294;0.475;0.475
2609;1PPF;E:I;YI20R;YI20R;294;4.312;4.312
2610;1PPF;E:I;YI20W;YI20W;294;0.232;0.232
2611;1R0R;E:I;YI15G;YI20G;294;6.313;6.313
2612;1R0R;E:I;YI15A;YI20A;294;5.399;5.399
2613;1R0R;E:I;YI15S;YI20S;294;5.091;5.091
2614;1R0R;E:I;YI15C;YI20C;294;3.209;3.209
2615;1R0R;E:I;YI15V;YI20V;294;3.461;3.461
2616;1R0R;E:I;YI15T;YI20T;294;5.399;5.399
2617;1R0R;E:I;YI15P;YI20P;294;6.562;6.562
2618;1R0R;E:I;YI15L;YI20L;294;2.539;2.539
2619;1R0R;E:I;YI15I;YI20I;294;2.825;2.825
2620;1R0R;E:I;YI15M;YI20M;294;3.095;3.095
2621;1R0R;E:I;YI15N;YI20N;294;5.539;5.539
2622,3329;1R0R;E:I;YI15D;YI20D;294;5.545;5.545
2623;1R0R;E:I;YI15K;YI20K;294;5.436;5.436
2624;1R0R;E:I;YI15Q;YI20Q;294;4.441;4.441
2625;1R0R;E:I;YI15E;YI20E;294;4.554;4.554
2626,3309;1R0R;E:I;YI15H;YI20H;294;3.212;3.212
2627;1R0R;E:I;YI15F;YI20F;294;0.608;0.608
2628;1R0R;E:I;YI15R;YI20R;294;4.408;4.408
2629;1R0R;E:I;YI15W;YI20W;294;-0.359;-0.359
2630;3SGB;E:I;YI14G;YI20G;294;2.803;2.803
2631;3SGB;E:I;YI14A;YI20A;294;1.917;1.917
2632;3SGB;E:I;YI14S;YI20S;294;2.007;2.007
2633;3SGB;E:I;YI14C;YI20C;294;1.672;1.672
2634;3SGB;E:I;YI14V;YI20V;294;4.36;4.36
2635;3SGB;E:I;YI14T;YI20T;294;4.804;4.804
2636;3SGB;E:I;YI14P;YI20P;294;6.189;6.189
2637;3SGB;E:I;YI14L;YI20L;294;1.554;1.554
2638;3SGB;E:I;YI14I;YI20I;294;3.542;3.542
2639;3SGB;E:I;YI14M;YI20M;294;1.975;1.975
2640;3SGB;E:I;YI14N;YI20N;294;3.115;3.115
2641,3420;3SGB;E:I;YI14D;YI20D;294;2.825;2.825
2642;3SGB;E:I;YI14K;YI20K;294;3.385;3.385
2643;3SGB;E:I;YI14Q;YI20Q;294;3.236;3.236
2644;3SGB;E:I;YI14E;YI20E;294;2.007;2.007
2645,3397;3SGB;E:I;YI14H;YI20H;294;1.538;1.538
2646;3SGB;E:I;YI14F;YI20F;294;0.166;0.166
2647;3SGB;E:I;YI14R;YI20R;294;2.722;2.722
2648;3SGB;E:I;YI14W;YI20W;294;0.383;0.383
2649;1CHO;EFG:I;RI18G;RI21G;294;3.438;3.438
2650;1CHO;EFG:I;RI18A;RI21A;294;3.148;3.148
2651;1CHO;EFG:I;RI18S;RI21S;294;3.142;3.142
2652;1CHO;EFG:I;RI18C;RI21C;294;3.471;3.482
2653;1CHO;EFG:I;RI18V;RI21V;294;2.037;2.037
2654;1CHO;EFG:I;RI18T;RI21T;294;2.632;2.632
2655;1CHO;EFG:I;RI18P;RI21P;294;7.188;7.188
2656;1CHO;EFG:I;RI18L;RI21L;294;2.791;2.791
2657;1CHO;EFG:I;RI18I;RI21I;294;2.08;2.08
2658;1CHO;EFG:I;RI18M;RI21M;294;2.58;2.58
2659;1CHO;EFG:I;RI18N;RI21N;294;3.471;3.482
2660;1CHO;EFG:I;RI18D;RI21D;294;3.731;3.731
2661;1CHO;EFG:I;RI18K;RI21K;294;0.654;0.654
2662;1CHO;EFG:I;RI18Q;RI21Q;294;2.444;2.444
2663;1CHO;EFG:I;RI18E;RI21E;294;3.471;3.459
2664;1CHO;EFG:I;RI18H;RI21H;294;2.756;2.756
2665;1CHO;EFG:I;RI18F;RI21F;294;2.912;2.912
2666;1CHO;EFG:I;RI18Y;RI21Y;294;2.959;2.959
2667;1CHO;EFG:I;RI18W;RI21W;294;2.406;2.406
2668;1PPF;E:I;RI21G;RI21G;294;0.57;0.57
2669;1PPF;E:I;RI21A;RI21A;294;0.205;0.205
2670;1PPF;E:I;RI21S;RI21S;294;0.414;0.414
2671;1PPF;E:I;RI21C;RI21C;294;-0.08;-0.08
2672;1PPF;E:I;RI21V;RI21V;294;-0.345;-0.345
2673;1PPF;E:I;RI21T;RI21T;294;-0.018;-0.018
2674;1PPF;E:I;RI21P;RI21P;294;6.613;6.613
2675;1PPF;E:I;RI21L;RI21L;294;-0.847;-0.847
2676;1PPF;E:I;RI21I;RI21I;294;-0.8;-0.8
2677;1PPF;E:I;RI21M;RI21M;294;-0.749;-0.749
2678;1PPF;E:I;RI21N;RI21N;294;0.325;0.325
2679;1PPF;E:I;RI21D;RI21D;294;0.205;0.205
2680;1PPF;E:I;RI21K;RI21K;294;0.596;0.596
2681;1PPF;E:I;RI21Q;RI21Q;294;-0.018;-0.018
2682;1PPF;E:I;RI21E;RI21E;294;0.454;0.454
2683;1PPF;E:I;RI21H;RI21H;294;-0.486;-0.486
2684;1PPF;E:I;RI21F;RI21F;294;-0.968;-0.968
2685;1PPF;E:I;RI21Y;RI21Y;294;0.218;0.218
2686;1PPF;E:I;RI21W;RI21W;294;-0.526;-0.526
2687;1R0R;E:I;RI16G;RI21G;294;2.06;2.06
2688;1R0R;E:I;RI16A;RI21A;294;-0.095;-0.095
2689;1R0R;E:I;RI16S;RI21S;294;-0.016;-0.016
2690;1R0R;E:I;RI16C;RI21C;294;0.113;0.113
2691;1R0R;E:I;RI16V;RI21V;294;0.113;0.113
2692;1R0R;E:I;RI16T;RI21T;294;0.34;0.34
2693;1R0R;E:I;RI16P;RI21P;294;7.288;7.288
2694;1R0R;E:I;RI16L;RI21L;294;0.229;0.229
2695;1R0R;E:I;RI16I;RI21I;294;0.204;0.204
2696;1R0R;E:I;RI16M;RI21M;294;0.441;0.441
2697;1R0R;E:I;RI16N;RI21N;294;-0.05;-0.05
2698;1R0R;E:I;RI16D;RI21D;294;-0.177;-0.177
2699;1R0R;E:I;RI16K;RI21K;294;-0.095;-0.095
2700;1R0R;E:I;RI16Q;RI21Q;294;0.18;0.18
2701;1R0R;E:I;RI16E;RI21E;294;0.34;0.34
2702;1R0R;E:I;RI16H;RI21H;294;0.518;0.518
2703;1R0R;E:I;RI16F;RI21F;294;0.441;0.441
2704;1R0R;E:I;RI16Y;RI21Y;294;0.812;0.812
2705;1R0R;E:I;RI16W;RI21W;294;0.932;0.932
2706;3SGB;E:I;RI15G;RI21G;294;1.092;1.092
2707;3SGB;E:I;RI15A;RI21A;294;0.053;0.053
2708;3SGB;E:I;RI15S;RI21S;294;0.274;0.274
2709;3SGB;E:I;RI15C;RI21C;294;0.545;0.545
2710;3SGB;E:I;RI15V;RI21V;294;-0.023;-0.023
2711;3SGB;E:I;RI15T;RI21T;294;0.447;0.447
2712;3SGB;E:I;RI15P;RI21P;294;7.578;7.578
2713;3SGB;E:I;RI15L;RI21L;294;0.225;0.225
2714;3SGB;E:I;RI15I;RI21I;294;0.24;0.24
2715;3SGB;E:I;RI15M;RI21M;294;0.126;0.126
2716;3SGB;E:I;RI15N;RI21N;294;0.326;0.326
2717;3SGB;E:I;RI15D;RI21D;294;0.63;0.63
2718;3SGB;E:I;RI15K;RI21K;294;-0.274;-0.274
2719;3SGB;E:I;RI15Q;RI21Q;294;0.041;0.041
2720;3SGB;E:I;RI15E;RI21E;294;0.662;0.662
2721;3SGB;E:I;RI15H;RI21H;294;0.447;0.447
2722;3SGB;E:I;RI15F;RI21F;294;0.225;0.225
2723;3SGB;E:I;RI15Y;RI21Y;294;0.29;0.29
2724;3SGB;E:I;RI15W;RI21W;294;0.308;0.308
2725;1CHO;EFG:I;PI11G;PI14G;294;0.628;0.628
2726;1CHO;EFG:I;PI11A;PI14A;294;0.375;0.375
2727;1CHO;EFG:I;PI11S;PI14S;294;-0.435;-0.435
2728;1CHO;EFG:I;PI11C;PI14C;294;-0.97;-0.97
2729;1CHO;EFG:I;PI11V;PI14V;294;-0.542;-0.542
2730;1CHO;EFG:I;PI11T;PI14T;294;-0.542;-0.542
2731;1CHO;EFG:I;PI11L;PI14L;294;-0.517;-0.517
2732;1CHO;EFG:I;PI11I;PI14I;294;-0.504;-0.504
2733;1CHO;EFG:I;PI11M;PI14M;294;-0.817;-0.817
2734;1CHO;EFG:I;PI11N;PI14N;294;-0.769;-0.769
2735;1CHO;EFG:I;PI11D;PI14D;294;-0.84;-0.84
2736;1CHO;EFG:I;PI11K;PI14K;294;0.381;0.381
2737;1CHO;EFG:I;PI11Q;PI14Q;294;-0.718;-0.718
2738;1CHO;EFG:I;PI11E;PI14E;294;-0.71;-0.71
2739;1CHO;EFG:I;PI11H;PI14H;294;-0.111;-0.111
2740;1CHO;EFG:I;PI11F;PI14F;294;-0.303;-0.303
2741;1CHO;EFG:I;PI11R;PI14R;294;0.393;0.393
2742;1CHO;EFG:I;PI11Y;PI14Y;294;-0.39;-0.39
2743;1CHO;EFG:I;PI11W;PI14W;294;-0.206;-0.206
2744;1PPF;E:I;PI14G;PI14G;294;0.092;0.092
2745;1PPF;E:I;PI14A;PI14A;294;-0.122;-0.122
2746;1PPF;E:I;PI14S;PI14S;294;-0.564;-0.564
2747;1PPF;E:I;PI14C;PI14C;294;-1.977;-1.977
2748;1PPF;E:I;PI14V;PI14V;294;-1.504;-1.504
2749;1PPF;E:I;PI14T;PI14T;294;-0.261;-0.261
2750;1PPF;E:I;PI14L;PI14L;294;-2.883;-2.883
2751;1PPF;E:I;PI14I;PI14I;294;-1.628;-1.628
2752;1PPF;E:I;PI14M;PI14M;294;-1.553;-1.553
2753;1PPF;E:I;PI14N;PI14N;294;-0.632;-0.632
2754;1PPF;E:I;PI14D;PI14D;294;-0.486;-0.486
2755;1PPF;E:I;PI14K;PI14K;294;-0.442;-0.442
2756;1PPF;E:I;PI14Q;PI14Q;294;-0.8;-0.8
2757;1PPF;E:I;PI14E;PI14E;294;-1.409;-1.409
2758;1PPF;E:I;PI14H;PI14H;294;-1.741;-1.741
2759;1PPF;E:I;PI14F;PI14F;294;-1.831;-1.831
2760;1PPF;E:I;PI14R;PI14R;294;-0.136;-0.136
2761;1PPF;E:I;PI14Y;PI14Y;294;-0.949;-0.949
2762;1PPF;E:I;PI14W;PI14W;294;-1.977;-1.977
2763;1R0R;E:I;PI9G;PI14G;294;-0.341;-0.341
2764;1R0R;E:I;PI9A;PI14A;294;-0.63;-0.63
2765;1R0R;E:I;PI9S;PI14S;294;0.134;0.134
2766;1R0R;E:I;PI9C;PI14C;294;-0.973;-0.973
2767;1R0R;E:I;PI9V;PI14V;294;1.313;1.313
2768;1R0R;E:I;PI9T;PI14T;294;1.181;1.181
2769;1R0R;E:I;PI9L;PI14L;294;1.168;1.168
2770;1R0R;E:I;PI9I;PI14I;294;1.718;1.718
2771;1R0R;E:I;PI9M;PI14M;294;-0.033;-0.033
2772;1R0R;E:I;PI9N;PI14N;294;-0.905;-0.905
2773;1R0R;E:I;PI9D;PI14D;294;-2.486;-2.486
2774;1R0R;E:I;PI9K;PI14K;294;0.34;0.34
2775;1R0R;E:I;PI9Q;PI14Q;294;-1.395;-1.395
2776;1R0R;E:I;PI9E;PI14E;294;-2.212;-2.212
2777;1R0R;E:I;PI9H;PI14H;294;-0.214;-0.214
2778;1R0R;E:I;PI9F;PI14F;294;1.363;1.363
2779;1R0R;E:I;PI9R;PI14R;294;1.087;1.087
2780;1R0R;E:I;PI9Y;PI14Y;294;0.846;0.846
2781;1R0R;E:I;PI9W;PI14W;294;0.479;0.479
2782;3SGB;E:I;PI8G;PI14G;294;0.053;0.053
2783;3SGB;E:I;PI8A;PI14A;294;-0.187;-0.187
2784;3SGB;E:I;PI8S;PI14S;294;0.065;0.065
2785;3SGB;E:I;PI8C;PI14C;294;-0.323;-0.323
2786;3SGB;E:I;PI8V;PI14V;294;-0.306;-0.306
2787;3SGB;E:I;PI8T;PI14T;294;-0.107;-0.107
2788;3SGB;E:I;PI8L;PI14L;294;-0.139;-0.139
2789;3SGB;E:I;PI8I;PI14I;294;-0.023;-0.023
2790;3SGB;E:I;PI8M;PI14M;294;-0.494;-0.494
2791;3SGB;E:I;PI8N;PI14N;294;-0.123;-0.123
2792;3SGB;E:I;PI8D;PI14D;294;-1.019;-1.019
2793;3SGB;E:I;PI8K;PI14K;294;0.112;0.112
2794;3SGB;E:I;PI8Q;PI14Q;294;-0.312;-0.312
2795;3SGB;E:I;PI8E;PI14E;294;-0.615;-0.615
2796;3SGB;E:I;PI8H;PI14H;294;0.274;0.274
2797;3SGB;E:I;PI8F;PI14F;294;-0.34;-0.34
2798;3SGB;E:I;PI8R;PI14R;294;0.308;0.308
2799;3SGB;E:I;PI8Y;PI14Y;294;-0.396;-0.396
2800;3SGB;E:I;PI8W;PI14W;294;-0.494;-0.494
2801;1CHO;EFG:I;KI10G;KI13G;294;1.797;1.797
2802;1CHO;EFG:I;KI10A;KI13A;294;0.179;0.179
2803;1CHO;EFG:I;KI10S;KI13S;294;-0.421;-0.421
2804;1CHO;EFG:I;KI10C;KI13C;294;0.496;0.496
2805;1CHO;EFG:I;KI10V;KI13V;294;1.185;1.185
2806;1CHO;EFG:I;KI10T;KI13T;294;0.375;0.375
2807;1CHO;EFG:I;KI10P;KI13P;294;2.048;2.048
2808;1CHO;EFG:I;KI10L;KI13L;294;0.375;0.375
2809;1CHO;EFG:I;KI10I;KI13I;294;1.524;1.524
2810;1CHO;EFG:I;KI10M;KI13M;294;0.42;0.42
2811;1CHO;EFG:I;KI10N;KI13N;294;-0.356;-0.356
2812;1CHO;EFG:I;KI10D;KI13D;294;-0.504;-0.504
2813;1CHO;EFG:I;KI10Q;KI13Q;294;-0.565;-0.565
2814;1CHO;EFG:I;KI10E;KI13E;294;0.179;0.179
2815;1CHO;EFG:I;KI10H;KI13H;294;0.139;0.139
2816;1CHO;EFG:I;KI10F;KI13F;294;1.078;1.078
2817;1CHO;EFG:I;KI10R;KI13R;294;-0.373;-0.373
2818;1CHO;EFG:I;KI10Y;KI13Y;294;1.06;1.06
2819;1CHO;EFG:I;KI10W;KI13W;294;1.005;1.005
2820;1PPF;E:I;KI13G;KI13G;294;1.232;1.232
2821;1PPF;E:I;KI13A;KI13A;294;0.746;0.746
2822;1PPF;E:I;KI13S;KI13S;294;0.454;0.454
2823;1PPF;E:I;KI13C;KI13C;294;0.949;0.949
2824;1PPF;E:I;KI13V;KI13V;294;0.859;0.859
2825;1PPF;E:I;KI13T;KI13T;294;0.164;0.164
2826;1PPF;E:I;KI13P;KI13P;294;1.249;1.249
2827;1PPF;E:I;KI13L;KI13L;294;0.396;0.396
2828;1PPF;E:I;KI13I;KI13I;294;0.623;0.623
2829;1PPF;E:I;KI13M;KI13M;294;0.205;0.205
2830;1PPF;E:I;KI13N;KI13N;294;0.651;0.651
2831;1PPF;E:I;KI13D;KI13D;294;0.623;0.623
2832;1PPF;E:I;KI13Q;KI13Q;294;0.246;0.246
2833;1PPF;E:I;KI13E;KI13E;294;1.117;1.117
2834;1PPF;E:I;KI13H;KI13H;294;1;1
2835;1PPF;E:I;KI13F;KI13F;294;0.949;0.949
2836;1PPF;E:I;KI13R;KI13R;294;-0.632;-0.632
2837;1PPF;E:I;KI13Y;KI13Y;294;0.499;0.499
2838;1PPF;E:I;KI13W;KI13W;294;0.82;0.82
2839;1R0R;E:I;KI8G;KI13G;294;-0.827;-0.827
2840;1R0R;E:I;KI8A;KI13A;294;-0.602;-0.602
2841;1R0R;E:I;KI8S;KI13S;294;-0.303;-0.303
2842;1R0R;E:I;KI8C;KI13C;294;-0.607;-0.607
2843;1R0R;E:I;KI8V;KI13V;294;0.405;0.405
2844;1R0R;E:I;KI8T;KI13T;294;0.877;0.877
2845;1R0R;E:I;KI8P;KI13P;294;1.329;1.329
2846;1R0R;E:I;KI8L;KI13L;294;-0.323;-0.323
2847;1R0R;E:I;KI8I;KI13I;294;1.108;1.108
2848;1R0R;E:I;KI8M;KI13M;294;-0.553;-0.553
2849;1R0R;E:I;KI8N;KI13N;294;-0.385;-0.385
2850;1R0R;E:I;KI8D;KI13D;294;-0.585;-0.585
2851;1R0R;E:I;KI8Q;KI13Q;294;-0.524;-0.524
2852;1R0R;E:I;KI8E;KI13E;294;-0.109;-0.109
2853;1R0R;E:I;KI8H;KI13H;294;-0.585;-0.585
2854;1R0R;E:I;KI8F;KI13F;294;-0.784;-0.784
2855;1R0R;E:I;KI8R;KI13R;294;0.134;0.134
2856;1R0R;E:I;KI8Y;KI13Y;294;-0.686;-0.686
2857;1R0R;E:I;KI8W;KI13W;294;-1.09;-1.09
2858;3SGB;E:I;KI7G;KI13G;294;-0.715;-0.715
2859;3SGB;E:I;KI7A;KI13A;294;-2.536;-2.536
2860;3SGB;E:I;KI7S;KI13S;294;-2.552;-2.552
2861;3SGB;E:I;KI7C;KI13C;294;-0.577;-0.577
2862;3SGB;E:I;KI7V;KI13V;294;-0.942;-0.942
2863;3SGB;E:I;KI7T;KI13T;294;-1.922;-1.922
2864;3SGB;E:I;KI7P;KI13P;294;0;0
2865;3SGB;E:I;KI7L;KI13L;294;-1.792;-1.792
2866;3SGB;E:I;KI7I;KI13I;294;-1.326;-1.326
2867;3SGB;E:I;KI7M;KI13M;294;-1.15;-1.15
2868;3SGB;E:I;KI7N;KI13N;294;-0.65;-0.65
2869;3SGB;E:I;KI7D;KI13D;294;-0.615;-0.615
2870;3SGB;E:I;KI7Q;KI13Q;294;-0.615;-0.615
2871;3SGB;E:I;KI7E;KI13E;294;0.032;0.032
2872;3SGB;E:I;KI7H;KI13H;294;-0.396;-0.396
2873;3SGB;E:I;KI7F;KI13F;294;-0.715;-0.715
2874;3SGB;E:I;KI7R;KI13R;294;-0.683;-0.683
2875;3SGB;E:I;KI7Y;KI13Y;294;-0.577;-0.577
2876;3SGB;E:I;KI7W;KI13W;294;-0.013;-0.013
2877,3201;1CHO;EFG:I;GI29A;GI32A;294;-0.919;-0.919
2878;1CHO;EFG:I;GI29S;GI32S;294;-0.136;-0.136
2879;1CHO;EFG:I;GI29C;GI32C;294;2.508;2.508
2880,3240;1CHO;EFG:I;GI29V;GI32V;294;0.638;0.638
2881;1CHO;EFG:I;GI29T;GI32T;294;2.048;2.048
2882;1CHO;EFG:I;GI29P;GI32P;294;0.32;0.32
2883;1CHO;EFG:I;GI29L;GI32L;294;1.726;1.726
2884;1CHO;EFG:I;GI29I;GI32I;294;2.335;2.335
2885;1CHO;EFG:I;GI29M;GI32M;294;1.614;1.614
2886;1CHO;EFG:I;GI29N;GI32N;294;0.94;0.94
2887;1CHO;EFG:I;GI29D;GI32D;294;3.066;3.066
2888;1CHO;EFG:I;GI29K;GI32K;294;1.567;1.567
2889;1CHO;EFG:I;GI29Q;GI32Q;294;2.351;2.351
2890;1CHO;EFG:I;GI29E;GI32E;294;2.58;2.58
2891;1CHO;EFG:I;GI29H;GI32H;294;-0.97;-0.97
2892;1CHO;EFG:I;GI29F;GI32F;294;0.101;0.101
2893;1CHO;EFG:I;GI29R;GI32R;294;1.721;1.721
2894;1CHO;EFG:I;GI29Y;GI32Y;294;-0.97;-0.97
2895;1CHO;EFG:I;GI29W;GI32W;294;1.042;1.042
2896,3457;1PPF;E:I;GI32A;GI32A;294;0.254;0.254
2897;1PPF;E:I;GI32S;GI32S;294;0.903;0.903
2898;1PPF;E:I;GI32C;GI32C;294;1.163;1.163
2899,3486;1PPF;E:I;GI32V;GI32V;294;2.513;2.513
2900;1PPF;E:I;GI32T;GI32T;294;2.773;2.773
2901;1PPF;E:I;GI32P;GI32P;294;0.26;0.26
2902;1PPF;E:I;GI32L;GI32L;294;3.087;3.087
2903;1PPF;E:I;GI32I;GI32I;294;4.312;4.312
2904;1PPF;E:I;GI32M;GI32M;294;2.165;2.165
2905;1PPF;E:I;GI32N;GI32N;294;1.592;1.592
2906;1PPF;E:I;GI32D;GI32D;294;2.462;2.462
2907;1PPF;E:I;GI32K;GI32K;294;3.26;3.26
2908;1PPF;E:I;GI32Q;GI32Q;294;2.761;2.761
2909;1PPF;E:I;GI32E;GI32E;294;1.437;1.437
2910;1PPF;E:I;GI32H;GI32H;294;1.484;1.484
2911;1PPF;E:I;GI32F;GI32F;294;1.461;1.461
2912;1PPF;E:I;GI32R;GI32R;294;4.782;4.782
2913;1PPF;E:I;GI32Y;GI32Y;294;1.187;1.187
2914;1PPF;E:I;GI32W;GI32W;294;1.621;1.621
2915,3291;1R0R;E:I;GI27A;GI32A;294;1.296;1.296
2916;1R0R;E:I;GI27S;GI32S;294;0.899;0.899
2917;1R0R;E:I;GI27C;GI32C;294;1.4;1.4
2918,3328;1R0R;E:I;GI27V;GI32V;294;1.93;1.93
2919;1R0R;E:I;GI27T;GI32T;294;1.656;1.656
2920;1R0R;E:I;GI27P;GI32P;294;1.065;1.065
2921;1R0R;E:I;GI27L;GI32L;294;2.377;2.377
2922;1R0R;E:I;GI27I;GI32I;294;1.954;1.954
2923;1R0R;E:I;GI27M;GI32M;294;2.127;2.127
2924;1R0R;E:I;GI27N;GI32N;294;1.264;1.264
2925;1R0R;E:I;GI27D;GI32D;294;2.848;2.848
2926;1R0R;E:I;GI27K;GI32K;294;2.895;2.895
2927;1R0R;E:I;GI27Q;GI32Q;294;2.005;2.005
2928;1R0R;E:I;GI27E;GI32E;294;1.954;1.954
2929;1R0R;E:I;GI27H;GI32H;294;2.162;2.162
2930;1R0R;E:I;GI27F;GI32F;294;0.113;0.113
2931;1R0R;E:I;GI27R;GI32R;294;3.423;3.423
2932;1R0R;E:I;GI27Y;GI32Y;294;0.479;0.479
2933;1R0R;E:I;GI27W;GI32W;294;1.382;1.382
2934,3378;3SGB;E:I;GI26A;GI32A;294;1.276;1.276
2935;3SGB;E:I;GI26S;GI32S;294;1.585;1.585
2936;3SGB;E:I;GI26C;GI32C;294;2.575;2.575
2937,3419;3SGB;E:I;GI26V;GI32V;294;2.788;2.788
2938;3SGB;E:I;GI26T;GI32T;294;2.992;2.998
2939;3SGB;E:I;GI26P;GI32P;294;1.082;1.082
2940;3SGB;E:I;GI26L;GI32L;294;2.621;2.621
2941;3SGB;E:I;GI26I;GI32I;294;4.036;4.036
2942;3SGB;E:I;GI26M;GI32M;294;2.755;2.767
2943;3SGB;E:I;GI26N;GI32N;294;2.244;2.244
2944;3SGB;E:I;GI26D;GI32D;294;1.602;1.602
2945;3SGB;E:I;GI26K;GI32K;294;2.49;2.49
2946;3SGB;E:I;GI26Q;GI32Q;294;2.915;2.915
2947;3SGB;E:I;GI26E;GI32E;294;1.945;1.945
2948;3SGB;E:I;GI26H;GI32H;294;2.7;2.7
2949;3SGB;E:I;GI26F;GI32F;294;2.98;2.98
2950;3SGB;E:I;GI26R;GI32R;294;3.459;3.459
2951;3SGB;E:I;GI26Y;GI32Y;294;3.053;3.053
2952;3SGB;E:I;GI26W;GI32W;294;3.858;3.858
2953;1CHO;EFG:I;NI33G;NI36G;294;-1.375;-1.375
2954;1CHO;EFG:I;NI33A;NI36A;294;-1.345;-1.345
2955;1CHO;EFG:I;NI33S;NI36S;294;-1.456;-1.456
2956;1CHO;EFG:I;NI33C;NI36C;294;-0.111;-0.111
2957;1CHO;EFG:I;NI33V;NI36V;294;0.032;0.032
2958;1CHO;EFG:I;NI33T;NI36T;294;-1.28;-1.28
2959;1CHO;EFG:I;NI33P;NI36P;294;-1.809;-1.809
2960;1CHO;EFG:I;NI33L;NI36L;294;0.608;0.608
2961;1CHO;EFG:I;NI33I;NI36I;294;-0.03;-0.03
2962;1CHO;EFG:I;NI33M;NI36M;294;-0.206;-0.206
2963;1CHO;EFG:I;NI33D;NI36D;294;-1.026;-1.026
2964;1CHO;EFG:I;NI33K;NI36K;294;2.301;2.301
2965;1CHO;EFG:I;NI33Q;NI36Q;294;-0.182;-0.182
2966;1CHO;EFG:I;NI33E;NI36E;294;2.301;2.301
2967;1CHO;EFG:I;NI33H;NI36H;294;-0.725;-0.725
2968;1CHO;EFG:I;NI33F;NI36F;294;2.335;2.335
2969;1CHO;EFG:I;NI33R;NI36R;294;1.567;1.567
2970;1CHO;EFG:I;NI33Y;NI36Y;294;2.531;2.531
2971;1CHO;EFG:I;NI33W;NI36W;294;2.148;2.148
2972;1PPF;E:I;NI36G;NI36G;294;-0.564;-0.564
2973;1PPF;E:I;NI36A;NI36A;294;-1.623;-1.623
2974;1PPF;E:I;NI36S;NI36S;294;-1.328;-1.328
2975;1PPF;E:I;NI36C;NI36C;294;0.596;0.596
2976;1PPF;E:I;NI36V;NI36V;294;0.341;0.341
2977;1PPF;E:I;NI36T;NI36T;294;0.545;0.545
2978;1PPF;E:I;NI36P;NI36P;294;-2.919;-2.919
2979;1PPF;E:I;NI36L;NI36L;294;2.61;2.61
2980;1PPF;E:I;NI36I;NI36I;294;0.859;0.859
2981;1PPF;E:I;NI36M;NI36M;294;1.056;1.079
2982;1PPF;E:I;NI36D;NI36D;294;-3.035;-3.035
2983;1PPF;E:I;NI36K;NI36K;294;2.585;2.585
2984;1PPF;E:I;NI36Q;NI36Q;294;0.378;0.378
2985;1PPF;E:I;NI36E;NI36E;294;-1.004;-1.004
2986;1PPF;E:I;NI36H;NI36H;294;-0.526;-0.526
2987;1PPF;E:I;NI36F;NI36F;294;1.821;1.821
2988;1PPF;E:I;NI36R;NI36R;294;1.844;1.844
2989;1PPF;E:I;NI36Y;NI36Y;294;1.654;1.654
2990;1PPF;E:I;NI36W;NI36W;294;1.698;1.704
2991;1R0R;E:I;NI31G;NI36G;294;0.282;0.282
2992;1R0R;E:I;NI31A;NI36A;294;-0.033;-0.033
2993;1R0R;E:I;NI31S;NI36S;294;0.479;0.479
2994;1R0R;E:I;NI31C;NI36C;294;0.562;0.562
2995;1R0R;E:I;NI31V;NI36V;294;0.659;0.659
2996;1R0R;E:I;NI31T;NI36T;294;0.562;0.562
2997;1R0R;E:I;NI31P;NI36P;294;1.459;1.459
2998;1R0R;E:I;NI31L;NI36L;294;1.525;1.525
2999;1R0R;E:I;NI31I;NI36I;294;0.31;0.31
3000;1R0R;E:I;NI31M;NI36M;294;0.31;0.31
3001;1R0R;E:I;NI31D;NI36D;294;0.562;0.562
3002;1R0R;E:I;NI31K;NI36K;294;1.132;1.132
3003;1R0R;E:I;NI31Q;NI36Q;294;-0.271;-0.271
3004;1R0R;E:I;NI31E;NI36E;294;-0.202;-0.202
3005;1R0R;E:I;NI31H;NI36H;294;0.282;0.282
3006;1R0R;E:I;NI31F;NI36F;294;-0.177;-0.177
3007;1R0R;E:I;NI31R;NI36R;294;1.439;1.439
3008;1R0R;E:I;NI31Y;NI36Y;294;0.18;0.18
3009;1R0R;E:I;NI31W;NI36W;294;0.055;0.055
3010;3SGB;E:I;NI30G;NI36G;294;0.308;0.308
3011;3SGB;E:I;NI30A;NI36A;294;0.326;0.326
3012;3SGB;E:I;NI30S;NI36S;294;0.403;0.403
3013;3SGB;E:I;NI30C;NI36C;294;0.345;0.345
3014;3SGB;E:I;NI30V;NI36V;294;-0.239;-0.239
3015;3SGB;E:I;NI30T;NI36T;294;0.01;0.01
3016;3SGB;E:I;NI30P;NI36P;294;0.571;0.571
3017;3SGB;E:I;NI30L;NI36L;294;0.731;0.731
3018;3SGB;E:I;NI30I;NI36I;294;0.195;0.195
3019;3SGB;E:I;NI30M;NI36M;294;0.139;0.139
3020;3SGB;E:I;NI30D;NI36D;294;0.898;0.898
3021;3SGB;E:I;NI30K;NI36K;294;0.571;0.571
3022;3SGB;E:I;NI30Q;NI36Q;294;0.24;0.24
3023;3SGB;E:I;NI30E;NI36E;294;0.949;0.949
3024;3SGB;E:I;NI30H;NI36H;294;-0.123;-0.123
3025;3SGB;E:I;NI30F;NI36F;294;-0.139;-0.139
3026;3SGB;E:I;NI30R;NI36R;294;0.571;0.571
3027;3SGB;E:I;NI30Y;NI36Y;294;-0.107;-0.107
3028;3SGB;E:I;NI30W;NI36W;294;0.519;0.519
3056;1DAN;HL:TU;EU114A;EU208A;298;-0.005;-0.005
3058;1DAN;HL:TU;TU109A;TU203A;298;0.135;0.135
3062;1DAN;HL:TU;SU101A;SU195A;298;-0.003;-0.003
3064;1DAN;HL:TU;YU91A;YU185A;298;-0.33;-0.33
3066;1DAN;HL:TU;KU87A;KU181A;298;0.017;0.017
3067;1DAN;HL:TU;LU82A;LU176A;298;0.08;0.08
3069;1DAN;HL:TU;TU78A;TU172A;298;-0.026;-0.026
3070;1DAN;HL:TU;KU75A;KU169A;298;0.117;0.117
3071;1DAN;HL:TU;TU73A;TU167A;298;0.212;0.212
3073;1DAN;HL:TU;GU70R;GU164R;298;-0.163;-0.163
3074;1DAN;HL:TU;SU69A;SU163A;298;0.023;0.023
3075;1DAN;HL:TU;WU68F;WU158F;298;0.123;0.123
3076;1DAN;HL:TU;YU66L;YU156L;298;0.155;0.157
3077;1DAN;HL:TU;IU62A;IU152A;298;0.179;0.179
3079;1DAN;HL:TU;DU55A;DU145A;298;-0.011;-0.011
3080;1DAN;HL:TU;RU54A;RU144A;298;-0.003;-0.003
3082;1DAN;HL:TU;TU49A;TU139A;298;-0.016;-0.017
3085;1DAN;HL:TU;LU43A;LU133A;298;-0.028;-0.028
3087;1DAN;HL:TU;DU39A;DU129A;298;-0.027;-0.027
3088;1DAN;HL:TU;EU38A;EU128A;298;0.086;0.086
3089;1DAN;HL:TU;KU32A;KU122A;298;-0.124;-0.121
3093;1DAN;HL:TU;EU9A;EU99A;298;-0.176;-0.176
3095;1DAN;HL:TU;KT63A;KT68A;298;-0.07;-0.07
3099;1DAN;HL:TU;DT53E;DT58E;298;1.38;1.38
3100;1DAN;HL:TU;DT53A;DT58A;298;1.989;1.989
3102;1DAN;HL:TU;TT47A;TT52A;298;0.405;0.405
3103;1DAN;HL:TU;FT45A;FT50A;298;0.438;0.438
3108;1DAN;HL:TU;WT40F;WT45F;298;1.27;1.27
3110;1DAN;HL:TU;ST37A;ST42A;298;-0.069;-0.069
3111;1DAN;HL:TU;KT36A;KT41A;298;0.321;0.321
3114;1DAN;HL:TU;KT23A;KT28A;298;0.117;0.117
3115;1DAN;HL:TU;ET21A;ET26A;298;0.101;0.101
3116;1DAN;HL:TU;WT20F;WT25F;298;0.615;0.615
3117;1DAN;HL:TU;ET19A;ET24A;298;0.658;0.658
3118;1DAN;HL:TU;IT17A;IT22A;298;0.645;0.645
3119;1DAN;HL:TU;TT16A;TT21A;298;-0.159;-0.159
3120;1DAN;HL:TU;KT15R;KT20R;298;1.685;1.685
3122;1DAN;HL:TU;NT13A;NT18A;298;0.18;0.18
3123;1DAN;HL:TU;TT12A;TT17A;298;0.12;0.12
3124;1DAN;HL:TU;KT10A;KT15A;298;-0.397;-0.397
3125;1DAN;HL:TU;WT9F;WT14F;298;0.691;0.691
3126;1SMF;E:I;EI8A;EI16A;300;1.019;1.019
3127;1SMF;E:I;SI4A;SI12A;300;1.912;1.912
3128;1SMF;E:I;TI2A;TI10A;300;2.059;2.059
3129;1SMF;E:I;II5A;II13A;300;3.533;3.533
3131;1FY8;E:I;DE168N;DE194N;298;0.17;0.17
3132;1FY8;E:I;QE128K;QE156K;298;1.171;1.171
3133;3TGK;E:I;NE170D;NE194D;298;-0.17;-0.17
3134;1F5R;A:I;KA129Q;KA156Q;298;-1.171;-1.171
3160;2J12;A:B;SA116A;SA299A;298;0.953;0.953
3161;2J1K;C:T;RC155A;RC515A;298;0.052;0.052
3162;2J1K;C:T;GC10D;GC370D;298;0.184;0.184
3163;2J1K;C:T;RC24A;RC384A;298;0.765;0.765
3164;1KAC;A:B;PA15S;PA417S;298;-0.793;-0.793
3165;1KAC;A:B;SA87Y;SA489Y;298;-1.252;-1.252
3526;1OGA;ABC:DE;DE28A;DE32A;298;1.572;1.572
3533,3549;1OGA;ABC:DE;IE49V;IE53V;298;0.2;0.201
3534;1OGA;ABC:DE;IE49L;IE53L;298;1.418;1.418
3535,3550;1OGA;ABC:DE;NE51A;NE55A;298;1.114;1.129
3536;1OGA;ABC:DE;NE51D;NE55D;298;0.495;0.495
3537,3551;1OGA;ABC:DE;DE52A;DE56A;298;0.116;0.132
3538,3552;1OGA;ABC:DE;QE54A;QE58A;298;0.498;0.495
3539,3553;1OGA;ABC:DE;QE54E;QE58E;298;0;0
3542,3554;1OGA;ABC:DE;SE95A;SE99A;298;-0.018;-0.035
3543,3555;1OGA;ABC:DE;YE97A;YE101A;298;0.216;0.232
3544,3556;1OGA;ABC:DE;YE97F;YE101F;298;0.498;0.495
3545;1OGA;ABC:DE;SD29A;SD31A;298;0.627;0.627
3546,3557;1OGA;ABC:DE;SD30A;SD32A;298;1.019;1.038
3547,3558;1OGA;ABC:DE;QD32A;QD34A;298;0.988;0.975
3205;1CHO;EFG:I;NI25S;NI28S;294;0;0
3295;1R0R;E:I;NI23S;NI28S;294;-0.065;-0.065
3382;3SGB;E:I;NI22S;NI28S;294;0.01;0.01